UBIGEO;NOMBRE
010101;Amazonas, Chachapoyas, distrito: Chachapoyas
010102;Amazonas, Chachapoyas, distrito: Asunción
010103;Amazonas, Chachapoyas, distrito: Balsas
010104;Amazonas, Chachapoyas, distrito: Cheto
010105;Amazonas, Chachapoyas, distrito: Chiliquin
010106;Amazonas, Chachapoyas, distrito: Chuquibamba
010107;Amazonas, Chachapoyas, distrito: Granada
010108;Amazonas, Chachapoyas, distrito: Huancas
010109;Amazonas, Chachapoyas, distrito: La Jalca
010110;Amazonas, Chachapoyas, distrito: Leimebamba
010111;Amazonas, Chachapoyas, distrito: Levanto
010112;Amazonas, Chachapoyas, distrito: Magdalena
010113;Amazonas, Chachapoyas, distrito: Mariscal Castilla
010114;Amazonas, Chachapoyas, distrito: Molinopampa
010115;Amazonas, Chachapoyas, distrito: Montevideo
010116;Amazonas, Chachapoyas, distrito: Olleros
010117;Amazonas, Chachapoyas, distrito: Quinjalca
010118;Amazonas, Chachapoyas, distrito: San Francisco de Daguas
010119;Amazonas, Chachapoyas, distrito: San Isidro de Maino
010120;Amazonas, Chachapoyas, distrito: Soloco
010121;Amazonas, Chachapoyas, distrito: Sonche
010201;Amazonas, Bagua, distrito: Bagua
010202;Amazonas, Bagua, distrito: Aramango
010203;Amazonas, Bagua, distrito: Copallin
010204;Amazonas, Bagua, distrito: El Parco
010205;Amazonas, Bagua, distrito: Imaza
010206;Amazonas, Bagua, distrito: La Peca
010301;Amazonas, Bongara, distrito: Jumbilla
010302;Amazonas, Bongara, distrito: Chisquilla
010303;Amazonas, Bongara, distrito: Churuja
010304;Amazonas, Bongara, distrito: Corosha
010305;Amazonas, Bongara, distrito: Cuispes
010306;Amazonas, Bongara, distrito: Florida
010307;Amazonas, Bongara, distrito: Jazan
010308;Amazonas, Bongara, distrito: Recta
010309;Amazonas, Bongara, distrito: San Carlos
010310;Amazonas, Bongara, distrito: Shipasbamba
010311;Amazonas, Bongara, distrito: Valera
010312;Amazonas, Bongara, distrito: Yambrasbamba
010401;Amazonas, Condorcanqui, distrito: Nieva
010402;Amazonas, Condorcanqui, distrito: El Cenepa
010403;Amazonas, Condorcanqui, distrito: Rio Santiago
010501;Amazonas, Luya, distrito: Lamud
010502;Amazonas, Luya, distrito: Camporredondo
010503;Amazonas, Luya, distrito: Cocabamba
010504;Amazonas, Luya, distrito: Colcamar
010505;Amazonas, Luya, distrito: Conila
010506;Amazonas, Luya, distrito: Inguilpata
010507;Amazonas, Luya, distrito: Longuita
010508;Amazonas, Luya, distrito: Lonya Chico
010509;Amazonas, Luya, distrito: Luya
010510;Amazonas, Luya, distrito: Luya Viejo
010511;Amazonas, Luya, distrito: María
010512;Amazonas, Luya, distrito: Ocalli
010513;Amazonas, Luya, distrito: Ocumal
010514;Amazonas, Luya, distrito: Pisuquia
010515;Amazonas, Luya, distrito: Providencia
010516;Amazonas, Luya, distrito: San Cristobal
010517;Amazonas, Luya, distrito: San Francisco del Yeso
010518;Amazonas, Luya, distrito: San Jerónimo
010519;Amazonas, Luya, distrito: San Juan de Lopecancha
010520;Amazonas, Luya, distrito: Santa Catalina
010521;Amazonas, Luya, distrito: Santo Tomas
010522;Amazonas, Luya, distrito: Tingo
010523;Amazonas, Luya, distrito: Trita
010601;Amazonas, Rodríguez de Mendoza, distrito: San Nicolás
010602;Amazonas, Rodríguez de Mendoza, distrito: Chirimoto
010603;Amazonas, Rodríguez de Mendoza, distrito: Cochamal
010604;Amazonas, Rodríguez de Mendoza, distrito: Huambo
010605;Amazonas, Rodríguez de Mendoza, distrito: Limabamba
010606;Amazonas, Rodríguez de Mendoza, distrito: Longar
010607;Amazonas, Rodríguez de Mendoza, distrito: Mariscal Benavides
010608;Amazonas, Rodríguez de Mendoza, distrito: Milpuc
010609;Amazonas, Rodríguez de Mendoza, distrito: Omia
010610;Amazonas, Rodríguez de Mendoza, distrito: Santa Rosa
010611;Amazonas, Rodríguez de Mendoza, distrito: Totora
010612;Amazonas, Rodríguez de Mendoza, distrito: Vista Alegre
010701;Amazonas, Utcubamba, distrito: Bagua Grande
010702;Amazonas, Utcubamba, distrito: Cajaruro
010703;Amazonas, Utcubamba, distrito: Cumba
010704;Amazonas, Utcubamba, distrito: El Milagro
010705;Amazonas, Utcubamba, distrito: Jamalca
010706;Amazonas, Utcubamba, distrito: Lonya Grande
010707;Amazonas, Utcubamba, distrito: Yamon
020101;Áncash, Huaraz, distrito: Huaraz
020102;Áncash, Huaraz, distrito: Cochabamba
020103;Áncash, Huaraz, distrito: Colcabamba
020104;Áncash, Huaraz, distrito: Huanchay
020105;Áncash, Huaraz, distrito: Independencia
020106;Áncash, Huaraz, distrito: Jangas
020107;Áncash, Huaraz, distrito: La Libertad
020108;Áncash, Huaraz, distrito: Olleros
020109;Áncash, Huaraz, distrito: Pampas Grande
020110;Áncash, Huaraz, distrito: Pariacoto
020111;Áncash, Huaraz, distrito: Pira
020112;Áncash, Huaraz, distrito: Tarica
020201;Áncash, Aija, distrito: Aija
020202;Áncash, Aija, distrito: Coris
020203;Áncash, Aija, distrito: Huacllan
020204;Áncash, Aija, distrito: La Merced
020205;Áncash, Aija, distrito: Succha
020301;Áncash, Antonio Raymondi, distrito: Llamellin
020302;Áncash, Antonio Raymondi, distrito: Aczo
020303;Áncash, Antonio Raymondi, distrito: Chaccho
020304;Áncash, Antonio Raymondi, distrito: Chingas
020305;Áncash, Antonio Raymondi, distrito: Mirgas
020306;Áncash, Antonio Raymondi, distrito: San Juan de Rontoy
020401;Áncash, Asunción, distrito: Chacas
020402;Áncash, Asunción, distrito: Acochaca
020501;Áncash, Bolognesi, distrito: Chiquian
020502;Áncash, Bolognesi, distrito: Abelardo Pardo Lezameta
020503;Áncash, Bolognesi, distrito: Antonio Raymondi
020504;Áncash, Bolognesi, distrito: Aquia
020505;Áncash, Bolognesi, distrito: Cajacay
020506;Áncash, Bolognesi, distrito: Canis
020507;Áncash, Bolognesi, distrito: Colquioc
020508;Áncash, Bolognesi, distrito: Huallanca
020509;Áncash, Bolognesi, distrito: Huasta
020510;Áncash, Bolognesi, distrito: Huayllacayan
020511;Áncash, Bolognesi, distrito: La Primavera
020512;Áncash, Bolognesi, distrito: Mangas
020513;Áncash, Bolognesi, distrito: Pacllon
020514;Áncash, Bolognesi, distrito: San Miguel de Corpanqui
020515;Áncash, Bolognesi, distrito: Ticllos
020601;Áncash, Carhuaz, distrito: Carhuaz
020602;Áncash, Carhuaz, distrito: Acopampa
020603;Áncash, Carhuaz, distrito: Amashca
020604;Áncash, Carhuaz, distrito: Anta
020605;Áncash, Carhuaz, distrito: Ataquero
020606;Áncash, Carhuaz, distrito: Marcara
020607;Áncash, Carhuaz, distrito: Pariahuanca
020608;Áncash, Carhuaz, distrito: San Miguel de Aco
020609;Áncash, Carhuaz, distrito: Shilla
020610;Áncash, Carhuaz, distrito: Tinco
020611;Áncash, Carhuaz, distrito: Yungar
020701;Áncash, Carlos Fermín Fitzcarrald, distrito: San Luis
020702;Áncash, Carlos Fermín Fitzcarrald, distrito: San Nicolás
020703;Áncash, Carlos Fermín Fitzcarrald, distrito: Yauya
020801;Áncash, Casma, distrito: Casma
020802;Áncash, Casma, distrito: Buena Vista Alta
020803;Áncash, Casma, distrito: Comandante Noel
020804;Áncash, Casma, distrito: Yautan
020901;Áncash, Corongo, distrito: Corongo
020902;Áncash, Corongo, distrito: Aco
020903;Áncash, Corongo, distrito: Bambas
020904;Áncash, Corongo, distrito: Cusca
020905;Áncash, Corongo, distrito: La Pampa
020906;Áncash, Corongo, distrito: Yanac
020907;Áncash, Corongo, distrito: Yupan
021001;Áncash, Huari, distrito: Huari
021002;Áncash, Huari, distrito: Anra
021003;Áncash, Huari, distrito: Cajay
021004;Áncash, Huari, distrito: Chavin de Huantar
021005;Áncash, Huari, distrito: Huacachi
021006;Áncash, Huari, distrito: Huacchis
021007;Áncash, Huari, distrito: Huachis
021008;Áncash, Huari, distrito: Huantar
021009;Áncash, Huari, distrito: Masin
021010;Áncash, Huari, distrito: Paucas
021011;Áncash, Huari, distrito: Ponto
021012;Áncash, Huari, distrito: Rahuapampa
021013;Áncash, Huari, distrito: Rapayan
021014;Áncash, Huari, distrito: San Marcos
021015;Áncash, Huari, distrito: San Pedro de Chana
021016;Áncash, Huari, distrito: Uco
021101;Áncash, Huarmey, distrito: Huarmey
021102;Áncash, Huarmey, distrito: Cochapeti
021103;Áncash, Huarmey, distrito: Culebras
021104;Áncash, Huarmey, distrito: Huayan
021105;Áncash, Huarmey, distrito: Malvas
021201;Áncash, Huaylas, distrito: Caraz
021202;Áncash, Huaylas, distrito: Huallanca
021203;Áncash, Huaylas, distrito: Huata
021204;Áncash, Huaylas, distrito: Huaylas
021205;Áncash, Huaylas, distrito: Mato
021206;Áncash, Huaylas, distrito: Pamparomas
021207;Áncash, Huaylas, distrito: Pueblo Libre
021208;Áncash, Huaylas, distrito: Santa Cruz
021209;Áncash, Huaylas, distrito: Santo Toribio
021210;Áncash, Huaylas, distrito: Yuracmarca
021301;Áncash, Mariscal Luzuriaga, distrito: Piscobamba
021302;Áncash, Mariscal Luzuriaga, distrito: Casca
021303;Áncash, Mariscal Luzuriaga, distrito: Eleazar Guzmán Barron
021304;Áncash, Mariscal Luzuriaga, distrito: Fidel Olivas Escudero
021305;Áncash, Mariscal Luzuriaga, distrito: Llama
021306;Áncash, Mariscal Luzuriaga, distrito: Llumpa
021307;Áncash, Mariscal Luzuriaga, distrito: Lucma
021308;Áncash, Mariscal Luzuriaga, distrito: Musga
021401;Áncash, Ocros, distrito: Ocros
021402;Áncash, Ocros, distrito: Acas
021403;Áncash, Ocros, distrito: Cajamarquilla
021404;Áncash, Ocros, distrito: Carhuapampa
021405;Áncash, Ocros, distrito: Cochas
021406;Áncash, Ocros, distrito: Congas
021407;Áncash, Ocros, distrito: Llipa
021408;Áncash, Ocros, distrito: San Cristóbal de Rajan
021409;Áncash, Ocros, distrito: San Pedro
021410;Áncash, Ocros, distrito: Santiago de Chilcas
021501;Áncash, Pallasca, distrito: Cabana
021502;Áncash, Pallasca, distrito: Bolognesi
021503;Áncash, Pallasca, distrito: Conchucos
021504;Áncash, Pallasca, distrito: Huacaschuque
021505;Áncash, Pallasca, distrito: Huandoval
021506;Áncash, Pallasca, distrito: Lacabamba
021507;Áncash, Pallasca, distrito: Llapo
021508;Áncash, Pallasca, distrito: Pallasca
021509;Áncash, Pallasca, distrito: Pampas
021510;Áncash, Pallasca, distrito: Santa Rosa
021511;Áncash, Pallasca, distrito: Tauca
021601;Áncash, Pomabamba, distrito: Pomabamba
021602;Áncash, Pomabamba, distrito: Huayllan
021603;Áncash, Pomabamba, distrito: Parobamba
021604;Áncash, Pomabamba, distrito: Quinuabamba
021701;Áncash, Recuay, distrito: Recuay
021702;Áncash, Recuay, distrito: Catac
021703;Áncash, Recuay, distrito: Cotaparaco
021704;Áncash, Recuay, distrito: Huayllapampa
021705;Áncash, Recuay, distrito: Llacllin
021706;Áncash, Recuay, distrito: Marca
021707;Áncash, Recuay, distrito: Pampas Chico
021708;Áncash, Recuay, distrito: Pararin
021709;Áncash, Recuay, distrito: Tapacocha
021710;Áncash, Recuay, distrito: Ticapampa
021801;Áncash, Santa, distrito: Chimbote
021802;Áncash, Santa, distrito: Cáceres del Perú
021803;Áncash, Santa, distrito: Coishco
021804;Áncash, Santa, distrito: Macate
021805;Áncash, Santa, distrito: Moro
021806;Áncash, Santa, distrito: Nepeña
021807;Áncash, Santa, distrito: Samanco
021808;Áncash, Santa, distrito: Santa
021809;Áncash, Santa, distrito: Nuevo Chimbote
021901;Áncash, Sihuas, distrito: Sihuas
021902;Áncash, Sihuas, distrito: Acobamba
021903;Áncash, Sihuas, distrito: Alfonso Ugarte
021904;Áncash, Sihuas, distrito: Cashapampa
021905;Áncash, Sihuas, distrito: Chingalpo
021906;Áncash, Sihuas, distrito: Huayllabamba
021907;Áncash, Sihuas, distrito: Quiches
021908;Áncash, Sihuas, distrito: Ragash
021909;Áncash, Sihuas, distrito: San Juan
021910;Áncash, Sihuas, distrito: Sicsibamba
022001;Áncash, Yungay, distrito: Yungay
022002;Áncash, Yungay, distrito: Cascapara
022003;Áncash, Yungay, distrito: Mancos
022004;Áncash, Yungay, distrito: Matacoto
022005;Áncash, Yungay, distrito: Quillo
022006;Áncash, Yungay, distrito: Ranrahirca
022007;Áncash, Yungay, distrito: Shupluy
022008;Áncash, Yungay, distrito: Yanama
030101;Apurímac, Abancay, distrito: Abancay
030102;Apurímac, Abancay, distrito: Chacoche
030103;Apurímac, Abancay, distrito: Circa
030104;Apurímac, Abancay, distrito: Curahuasi
030105;Apurímac, Abancay, distrito: Huanipaca
030106;Apurímac, Abancay, distrito: Lambrama
030107;Apurímac, Abancay, distrito: Pichirhua
030108;Apurímac, Abancay, distrito: San Pedro de Cachora
030109;Apurímac, Abancay, distrito: Tamburco
030201;Apurímac, Andahuaylas, distrito: Andahuaylas
030202;Apurímac, Andahuaylas, distrito: Andarapa
030203;Apurímac, Andahuaylas, distrito: Chiara
030204;Apurímac, Andahuaylas, distrito: Huancarama
030205;Apurímac, Andahuaylas, distrito: Huancaray
030206;Apurímac, Andahuaylas, distrito: Huayana
030207;Apurímac, Andahuaylas, distrito: Kishuara
030208;Apurímac, Andahuaylas, distrito: Pacobamba
030209;Apurímac, Andahuaylas, distrito: Pacucha
030210;Apurímac, Andahuaylas, distrito: Pampachiri
030211;Apurímac, Andahuaylas, distrito: Pomacocha
030212;Apurímac, Andahuaylas, distrito: San Antonio de Cachi
030213;Apurímac, Andahuaylas, distrito: San Jerónimo
030214;Apurímac, Andahuaylas, distrito: San Miguel de Chaccrampa
030215;Apurímac, Andahuaylas, distrito: Santa María de Chicmo
030216;Apurímac, Andahuaylas, distrito: Talavera
030217;Apurímac, Andahuaylas, distrito: Tumay Huaraca
030218;Apurímac, Andahuaylas, distrito: Turpo
030219;Apurímac, Andahuaylas, distrito: Kaquiabamba
030220;Apurímac, Andahuaylas, distrito: José María Arguedas
030301;Apurímac, Antabamba, distrito: Antabamba
030302;Apurímac, Antabamba, distrito: El Oro
030303;Apurímac, Antabamba, distrito: Huaquirca
030304;Apurímac, Antabamba, distrito: Juan Espinoza Medrano
030305;Apurímac, Antabamba, distrito: Oropesa
030306;Apurímac, Antabamba, distrito: Pachaconas
030307;Apurímac, Antabamba, distrito: Sabaino
030401;Apurímac, Aymaraes, distrito: Chalhuanca
030402;Apurímac, Aymaraes, distrito: Capaya
030403;Apurímac, Aymaraes, distrito: Caraybamba
030404;Apurímac, Aymaraes, distrito: Chapimarca
030405;Apurímac, Aymaraes, distrito: Colcabamba
030406;Apurímac, Aymaraes, distrito: Cotaruse
030407;Apurímac, Aymaraes, distrito: Ihuayllo
030408;Apurímac, Aymaraes, distrito: Justo Apu Sahuaraura
030409;Apurímac, Aymaraes, distrito: Lucre
030410;Apurímac, Aymaraes, distrito: Pocohuanca
030411;Apurímac, Aymaraes, distrito: San Juan de Chacña
030412;Apurímac, Aymaraes, distrito: Sañayca
030413;Apurímac, Aymaraes, distrito: Soraya
030414;Apurímac, Aymaraes, distrito: Tapairihua
030415;Apurímac, Aymaraes, distrito: Tintay
030416;Apurímac, Aymaraes, distrito: Toraya
030417;Apurímac, Aymaraes, distrito: Yanaca
030501;Apurímac, Cotabambas, distrito: Tambobamba
030502;Apurímac, Cotabambas, distrito: Cotabambas
030503;Apurímac, Cotabambas, distrito: Coyllurqui
030504;Apurímac, Cotabambas, distrito: Haquira
030505;Apurímac, Cotabambas, distrito: Mara
030506;Apurímac, Cotabambas, distrito: Challhuahuacho
030601;Apurímac, Chincheros, distrito: Chincheros
030602;Apurímac, Chincheros, distrito: Anco_Huallo
030603;Apurímac, Chincheros, distrito: Cocharcas
030604;Apurímac, Chincheros, distrito: Huaccana
030605;Apurímac, Chincheros, distrito: Ocobamba
030606;Apurímac, Chincheros, distrito: Ongoy
030607;Apurímac, Chincheros, distrito: Uranmarca
030608;Apurímac, Chincheros, distrito: Ranracancha
030609;Apurímac, Chincheros, distrito: Rocchacc
030610;Apurímac, Chincheros, distrito: El Porvenir
030611;Apurímac, Chincheros, distrito: Los Chankas
030701;Apurímac, Grau, distrito: Chuquibambilla
030702;Apurímac, Grau, distrito: Curpahuasi
030703;Apurímac, Grau, distrito: Gamarra
030704;Apurímac, Grau, distrito: Huayllati
030705;Apurímac, Grau, distrito: Mamara
030706;Apurímac, Grau, distrito: Micaela Bastidas
030707;Apurímac, Grau, distrito: Pataypampa
030708;Apurímac, Grau, distrito: Progreso
030709;Apurímac, Grau, distrito: San Antonio
030710;Apurímac, Grau, distrito: Santa Rosa
030711;Apurímac, Grau, distrito: Turpay
030712;Apurímac, Grau, distrito: Vilcabamba
030713;Apurímac, Grau, distrito: Virundo
030714;Apurímac, Grau, distrito: Curasco
040101;Arequipa, Arequipa, distrito: Arequipa
040102;Arequipa, Arequipa, distrito: Alto Selva Alegre
040103;Arequipa, Arequipa, distrito: Cayma
040104;Arequipa, Arequipa, distrito: Cerro Colorado
040105;Arequipa, Arequipa, distrito: Characato
040106;Arequipa, Arequipa, distrito: Chiguata
040107;Arequipa, Arequipa, distrito: Jacobo Hunter
040108;Arequipa, Arequipa, distrito: La Joya
040109;Arequipa, Arequipa, distrito: Mariano Melgar
040110;Arequipa, Arequipa, distrito: Miraflores
040111;Arequipa, Arequipa, distrito: Mollebaya
040112;Arequipa, Arequipa, distrito: Paucarpata
040113;Arequipa, Arequipa, distrito: Pocsi
040114;Arequipa, Arequipa, distrito: Polobaya
040115;Arequipa, Arequipa, distrito: Quequeña
040116;Arequipa, Arequipa, distrito: Sabandia
040117;Arequipa, Arequipa, distrito: Sachaca
040118;Arequipa, Arequipa, distrito: San Juan de Siguas
040119;Arequipa, Arequipa, distrito: San Juan de Tarucani
040120;Arequipa, Arequipa, distrito: Santa Isabel de Siguas
040121;Arequipa, Arequipa, distrito: Santa Rita de Siguas
040122;Arequipa, Arequipa, distrito: Socabaya
040123;Arequipa, Arequipa, distrito: Tiabaya
040124;Arequipa, Arequipa, distrito: Uchumayo
040125;Arequipa, Arequipa, distrito: Vitor
040126;Arequipa, Arequipa, distrito: Yanahuara
040127;Arequipa, Arequipa, distrito: Yarabamba
040128;Arequipa, Arequipa, distrito: Yura
040129;Arequipa, Arequipa, distrito: José Luis Bustamante Y Rivero
040201;Arequipa, Camaná, distrito: Camaná
040202;Arequipa, Camaná, distrito: José María Quimper
040203;Arequipa, Camaná, distrito: Mariano Nicolás Valcárcel
040204;Arequipa, Camaná, distrito: Mariscal Cáceres
040205;Arequipa, Camaná, distrito: Nicolás de Pierola
040206;Arequipa, Camaná, distrito: Ocoña
040207;Arequipa, Camaná, distrito: Quilca
040208;Arequipa, Camaná, distrito: Samuel Pastor
040301;Arequipa, Caravelí, distrito: Caravelí
040302;Arequipa, Caravelí, distrito: Acarí
040303;Arequipa, Caravelí, distrito: Atico
040304;Arequipa, Caravelí, distrito: Atiquipa
040305;Arequipa, Caravelí, distrito: Bella Unión
040306;Arequipa, Caravelí, distrito: Cahuacho
040307;Arequipa, Caravelí, distrito: Chala
040308;Arequipa, Caravelí, distrito: Chaparra
040309;Arequipa, Caravelí, distrito: Huanuhuanu
040310;Arequipa, Caravelí, distrito: Jaqui
040311;Arequipa, Caravelí, distrito: Lomas
040312;Arequipa, Caravelí, distrito: Quicacha
040313;Arequipa, Caravelí, distrito: Yauca
040401;Arequipa, Castilla, distrito: Aplao
040402;Arequipa, Castilla, distrito: Andagua
040403;Arequipa, Castilla, distrito: Ayo
040404;Arequipa, Castilla, distrito: Chachas
040405;Arequipa, Castilla, distrito: Chilcaymarca
040406;Arequipa, Castilla, distrito: Choco
040407;Arequipa, Castilla, distrito: Huancarqui
040408;Arequipa, Castilla, distrito: Machaguay
040409;Arequipa, Castilla, distrito: Orcopampa
040410;Arequipa, Castilla, distrito: Pampacolca
040411;Arequipa, Castilla, distrito: Tipan
040412;Arequipa, Castilla, distrito: Uñon
040413;Arequipa, Castilla, distrito: Uraca
040414;Arequipa, Castilla, distrito: Viraco
040501;Arequipa, Caylloma, distrito: Chivay
040502;Arequipa, Caylloma, distrito: Achoma
040503;Arequipa, Caylloma, distrito: Cabanaconde
040504;Arequipa, Caylloma, distrito: Callalli
040505;Arequipa, Caylloma, distrito: Caylloma
040506;Arequipa, Caylloma, distrito: Coporaque
040507;Arequipa, Caylloma, distrito: Huambo
040508;Arequipa, Caylloma, distrito: Huanca
040509;Arequipa, Caylloma, distrito: Ichupampa
040510;Arequipa, Caylloma, distrito: Lari
040511;Arequipa, Caylloma, distrito: Lluta
040512;Arequipa, Caylloma, distrito: Maca
040513;Arequipa, Caylloma, distrito: Madrigal
040514;Arequipa, Caylloma, distrito: San Antonio de Chuca
040515;Arequipa, Caylloma, distrito: Sibayo
040516;Arequipa, Caylloma, distrito: Tapay
040517;Arequipa, Caylloma, distrito: Tisco
040518;Arequipa, Caylloma, distrito: Tuti
040519;Arequipa, Caylloma, distrito: Yanque
040520;Arequipa, Caylloma, distrito: Majes
040601;Arequipa, Condesuyos, distrito: Chuquibamba
040602;Arequipa, Condesuyos, distrito: Andaray
040603;Arequipa, Condesuyos, distrito: Cayarani
040604;Arequipa, Condesuyos, distrito: Chichas
040605;Arequipa, Condesuyos, distrito: Iray
040606;Arequipa, Condesuyos, distrito: Río Grande
040607;Arequipa, Condesuyos, distrito: Salamanca
040608;Arequipa, Condesuyos, distrito: Yanaquihua
040701;Arequipa, Islay, distrito: Mollendo
040702;Arequipa, Islay, distrito: Cocachacra
040703;Arequipa, Islay, distrito: Dean Valdivia
040704;Arequipa, Islay, distrito: Islay
040705;Arequipa, Islay, distrito: Mejia
040706;Arequipa, Islay, distrito: Punta de Bombón
040801;Arequipa, La Unión, distrito: Cotahuasi
040802;Arequipa, La Unión, distrito: Alca
040803;Arequipa, La Unión, distrito: Charcana
040804;Arequipa, La Unión, distrito: Huaynacotas
040805;Arequipa, La Unión, distrito: Pampamarca
040806;Arequipa, La Unión, distrito: Puyca
040807;Arequipa, La Unión, distrito: Quechualla
040808;Arequipa, La Unión, distrito: Sayla
040809;Arequipa, La Unión, distrito: Tauria
040810;Arequipa, La Unión, distrito: Tomepampa
040811;Arequipa, La Unión, distrito: Toro
050101;Ayacucho, Huamanga, distrito: Ayacucho
050102;Ayacucho, Huamanga, distrito: Acocro
050103;Ayacucho, Huamanga, distrito: Acos Vinchos
050104;Ayacucho, Huamanga, distrito: Carmen Alto
050105;Ayacucho, Huamanga, distrito: Chiara
050106;Ayacucho, Huamanga, distrito: Ocros
050107;Ayacucho, Huamanga, distrito: Pacaycasa
050108;Ayacucho, Huamanga, distrito: Quinua
050109;Ayacucho, Huamanga, distrito: San José de Ticllas
050110;Ayacucho, Huamanga, distrito: San Juan Bautista
050111;Ayacucho, Huamanga, distrito: Santiago de Pischa
050112;Ayacucho, Huamanga, distrito: Socos
050113;Ayacucho, Huamanga, distrito: Tambillo
050114;Ayacucho, Huamanga, distrito: Vinchos
050115;Ayacucho, Huamanga, distrito: Jesús Nazareno
050116;Ayacucho, Huamanga, distrito: Andrés Avelino Cáceres Dorregaray
050201;Ayacucho, Cangallo, distrito: Cangallo
050202;Ayacucho, Cangallo, distrito: Chuschi
050203;Ayacucho, Cangallo, distrito: Los Morochucos
050204;Ayacucho, Cangallo, distrito: María Parado de Bellido
050205;Ayacucho, Cangallo, distrito: Paras
050206;Ayacucho, Cangallo, distrito: Totos
050301;Ayacucho, Huanca Sancos, distrito: Sancos
050302;Ayacucho, Huanca Sancos, distrito: Carapo
050303;Ayacucho, Huanca Sancos, distrito: Sacsamarca
050304;Ayacucho, Huanca Sancos, distrito: Santiago de Lucanamarca
050401;Ayacucho, Huanta, distrito: Huanta
050402;Ayacucho, Huanta, distrito: Ayahuanco
050403;Ayacucho, Huanta, distrito: Huamanguilla
050404;Ayacucho, Huanta, distrito: Iguain
050405;Ayacucho, Huanta, distrito: Luricocha
050406;Ayacucho, Huanta, distrito: Santillana
050407;Ayacucho, Huanta, distrito: Sivia
050408;Ayacucho, Huanta, distrito: Llochegua
050409;Ayacucho, Huanta, distrito: Canayre
050410;Ayacucho, Huanta, distrito: Uchuraccay
050411;Ayacucho, Huanta, distrito: Pucacolpa
050412;Ayacucho, Huanta, distrito: Chaca
050501;Ayacucho, La Mar, distrito: San Miguel
050502;Ayacucho, La Mar, distrito: Anco
050503;Ayacucho, La Mar, distrito: Ayna
050504;Ayacucho, La Mar, distrito: Chilcas
050505;Ayacucho, La Mar, distrito: Chungui
050506;Ayacucho, La Mar, distrito: Luis Carranza
050507;Ayacucho, La Mar, distrito: Santa Rosa
050508;Ayacucho, La Mar, distrito: Tambo
050509;Ayacucho, La Mar, distrito: Samugari
050510;Ayacucho, La Mar, distrito: Anchihuay
050511;Ayacucho, La Mar, distrito: Oronccoy
050601;Ayacucho, Lucanas, distrito: Puquio
050602;Ayacucho, Lucanas, distrito: Aucara
050603;Ayacucho, Lucanas, distrito: Cabana
050604;Ayacucho, Lucanas, distrito: Carmen Salcedo
050605;Ayacucho, Lucanas, distrito: Chaviña
050606;Ayacucho, Lucanas, distrito: Chipao
050607;Ayacucho, Lucanas, distrito: Huac-Huas
050608;Ayacucho, Lucanas, distrito: Laramate
050609;Ayacucho, Lucanas, distrito: Leoncio Prado
050610;Ayacucho, Lucanas, distrito: Llauta
050611;Ayacucho, Lucanas, distrito: Lucanas
050612;Ayacucho, Lucanas, distrito: Ocaña
050613;Ayacucho, Lucanas, distrito: Otoca
050614;Ayacucho, Lucanas, distrito: Saisa
050615;Ayacucho, Lucanas, distrito: San Cristobal
050616;Ayacucho, Lucanas, distrito: San Juan
050617;Ayacucho, Lucanas, distrito: San Pedro
050618;Ayacucho, Lucanas, distrito: San Pedro de Palco
050619;Ayacucho, Lucanas, distrito: Sancos
050620;Ayacucho, Lucanas, distrito: Santa Ana de HuaycAHUACHO
050621;Ayacucho, Lucanas, distrito: Santa Lucia
050701;Ayacucho, Parinacochas, distrito: Coracora
050702;Ayacucho, Parinacochas, distrito: Chumpi
050703;Ayacucho, Parinacochas, distrito: Coronel Castañeda
050704;Ayacucho, Parinacochas, distrito: Pacapausa
050705;Ayacucho, Parinacochas, distrito: Pullo
050706;Ayacucho, Parinacochas, distrito: Puyusca
050707;Ayacucho, Parinacochas, distrito: San Francisco de Ravacayco
050708;Ayacucho, Parinacochas, distrito: Upahuacho
050801;Ayacucho, Páucar del Sara Sara, distrito: Pausa
050802;Ayacucho, Páucar del Sara Sara, distrito: Colta
050803;Ayacucho, Páucar del Sara Sara, distrito: Corculla
050804;Ayacucho, Páucar del Sara Sara, distrito: Lampa
050805;Ayacucho, Páucar del Sara Sara, distrito: Marcabamba
050806;Ayacucho, Páucar del Sara Sara, distrito: Oyolo
050807;Ayacucho, Páucar del Sara Sara, distrito: Pararca
050808;Ayacucho, Páucar del Sara Sara, distrito: San Javier de Alpabamba
050809;Ayacucho, Páucar del Sara Sara, distrito: San José de Ushua
050810;Ayacucho, Páucar del Sara Sara, distrito: Sara Sara
050901;Ayacucho, Sucre, distrito: Querobamba
050902;Ayacucho, Sucre, distrito: Belén
050903;Ayacucho, Sucre, distrito: Chalcos
050904;Ayacucho, Sucre, distrito: Chilcayoc
050905;Ayacucho, Sucre, distrito: Huacaña
050906;Ayacucho, Sucre, distrito: Morcolla
050907;Ayacucho, Sucre, distrito: Paico
050908;Ayacucho, Sucre, distrito: San Pedro de Larcay
050909;Ayacucho, Sucre, distrito: San Salvador de Quije
050910;Ayacucho, Sucre, distrito: Santiago de Paucaray
050911;Ayacucho, Sucre, distrito: Soras
051001;Ayacucho, Víctor Fajardo, distrito: Huancapi
051002;Ayacucho, Víctor Fajardo, distrito: Alcamenca
051003;Ayacucho, Víctor Fajardo, distrito: Apongo
051004;Ayacucho, Víctor Fajardo, distrito: Asquipata
051005;Ayacucho, Víctor Fajardo, distrito: Canaria
051006;Ayacucho, Víctor Fajardo, distrito: Cayara
051007;Ayacucho, Víctor Fajardo, distrito: Colca
051008;Ayacucho, Víctor Fajardo, distrito: Huamanquiquia
051009;Ayacucho, Víctor Fajardo, distrito: Huancaraylla
051010;Ayacucho, Víctor Fajardo, distrito: Hualla
051011;Ayacucho, Víctor Fajardo, distrito: Sarhua
051012;Ayacucho, Víctor Fajardo, distrito: Vilcanchos
051101;Ayacucho, Vilcas Huamán, distrito: Vilcas Huamán
051102;Ayacucho, Vilcas Huamán, distrito: Accomarca
051103;Ayacucho, Vilcas Huamán, distrito: Carhuanca
051104;Ayacucho, Vilcas Huamán, distrito: Concepción
051105;Ayacucho, Vilcas Huamán, distrito: Huambalpa
051106;Ayacucho, Vilcas Huamán, distrito: Independencia
051107;Ayacucho, Vilcas Huamán, distrito: Saurama
051108;Ayacucho, Vilcas Huamán, distrito: Vischongo
060101;Cajamarca, Cajamarca, distrito: Cajamarca
060102;Cajamarca, Cajamarca, distrito: Asunción
060103;Cajamarca, Cajamarca, distrito: Chetilla
060104;Cajamarca, Cajamarca, distrito: Cospan
060105;Cajamarca, Cajamarca, distrito: Encañada
060106;Cajamarca, Cajamarca, distrito: Jesús
060107;Cajamarca, Cajamarca, distrito: Llacanora
060108;Cajamarca, Cajamarca, distrito: Los Baños del Inca
060109;Cajamarca, Cajamarca, distrito: Magdalena
060110;Cajamarca, Cajamarca, distrito: Matara
060111;Cajamarca, Cajamarca, distrito: Namora
060112;Cajamarca, Cajamarca, distrito: San Juan
060201;Cajamarca, Cajabamba, distrito: Cajabamba
060202;Cajamarca, Cajabamba, distrito: Cachachi
060203;Cajamarca, Cajabamba, distrito: Condebamba
060204;Cajamarca, Cajabamba, distrito: Sitacocha
060301;Cajamarca, Celendín, distrito: Celendín
060302;Cajamarca, Celendín, distrito: Chumuch
060303;Cajamarca, Celendín, distrito: Cortegana
060304;Cajamarca, Celendín, distrito: Huasmin
060305;Cajamarca, Celendín, distrito: Jorge Chávez
060306;Cajamarca, Celendín, distrito: José Galvez
060307;Cajamarca, Celendín, distrito: Miguel Iglesias
060308;Cajamarca, Celendín, distrito: Oxamarca
060309;Cajamarca, Celendín, distrito: Sorochuco
060310;Cajamarca, Celendín, distrito: Sucre
060311;Cajamarca, Celendín, distrito: Utco
060312;Cajamarca, Celendín, distrito: La Libertad de Pallan
060401;Cajamarca, Chota, distrito: Chota
060402;Cajamarca, Chota, distrito: Anguia
060403;Cajamarca, Chota, distrito: Chadin
060404;Cajamarca, Chota, distrito: Chiguirip
060405;Cajamarca, Chota, distrito: Chimban
060406;Cajamarca, Chota, distrito: Choropampa
060407;Cajamarca, Chota, distrito: Cochabamba
060408;Cajamarca, Chota, distrito: Conchan
060409;Cajamarca, Chota, distrito: Huambos
060410;Cajamarca, Chota, distrito: Lajas
060411;Cajamarca, Chota, distrito: Llama
060412;Cajamarca, Chota, distrito: Miracosta
060413;Cajamarca, Chota, distrito: Paccha
060414;Cajamarca, Chota, distrito: Pion
060415;Cajamarca, Chota, distrito: Querocoto
060416;Cajamarca, Chota, distrito: San Juan de Licupis
060417;Cajamarca, Chota, distrito: Tacabamba
060418;Cajamarca, Chota, distrito: Tocmoche
060419;Cajamarca, Chota, distrito: Chalamarca
060501;Cajamarca, Contumazá, distrito: Contumazá
060502;Cajamarca, Contumazá, distrito: Chilete
060503;Cajamarca, Contumazá, distrito: Cupisnique
060504;Cajamarca, Contumazá, distrito: Guzmango
060505;Cajamarca, Contumazá, distrito: San Benito
060506;Cajamarca, Contumazá, distrito: Santa Cruz de Toled
060507;Cajamarca, Contumazá, distrito: Tantarica
060508;Cajamarca, Contumazá, distrito: Yonan
060601;Cajamarca, Cutervo, distrito: Cutervo
060602;Cajamarca, Cutervo, distrito: Callayuc
060603;Cajamarca, Cutervo, distrito: Choros
060604;Cajamarca, Cutervo, distrito: Cujillo
060605;Cajamarca, Cutervo, distrito: La Ramada
060606;Cajamarca, Cutervo, distrito: Pimpingos
060607;Cajamarca, Cutervo, distrito: Querocotillo
060608;Cajamarca, Cutervo, distrito: San Andrés de Cutervo
060609;Cajamarca, Cutervo, distrito: San Juan de Cutervo
060610;Cajamarca, Cutervo, distrito: San Luis de Lucma
060611;Cajamarca, Cutervo, distrito: Santa Cruz
060612;Cajamarca, Cutervo, distrito: Santo Domingo de la Capilla
060613;Cajamarca, Cutervo, distrito: Santo Tomas
060614;Cajamarca, Cutervo, distrito: Socota
060615;Cajamarca, Cutervo, distrito: Toribio Casanova
060701;Cajamarca, Hualgayoc, distrito: Bambamarca
060702;Cajamarca, Hualgayoc, distrito: Chugur
060703;Cajamarca, Hualgayoc, distrito: Hualgayoc
060801;Cajamarca, Jaén, distrito: Jaén
060802;Cajamarca, Jaén, distrito: Bellavista
060803;Cajamarca, Jaén, distrito: Chontali
060804;Cajamarca, Jaén, distrito: Colasay
060805;Cajamarca, Jaén, distrito: Huabal
060806;Cajamarca, Jaén, distrito: Las Pirias
060807;Cajamarca, Jaén, distrito: Pomahuaca
060808;Cajamarca, Jaén, distrito: Pucara
060809;Cajamarca, Jaén, distrito: Sallique
060810;Cajamarca, Jaén, distrito: San Felipe
060811;Cajamarca, Jaén, distrito: San José del Alto
060812;Cajamarca, Jaén, distrito: Santa Rosa
060901;Cajamarca, San Ignacio, distrito: San Ignacio
060902;Cajamarca, San Ignacio, distrito: Chirinos
060903;Cajamarca, San Ignacio, distrito: Huarango
060904;Cajamarca, San Ignacio, distrito: La Coipa
060905;Cajamarca, San Ignacio, distrito: Namballe
060906;Cajamarca, San Ignacio, distrito: San José de Lourdes
060907;Cajamarca, San Ignacio, distrito: Tabaconas
061001;Cajamarca, San Marcos, distrito: Pedro Gálvez
061002;Cajamarca, San Marcos, distrito: Chancay
061003;Cajamarca, San Marcos, distrito: Eduardo Villanueva
061004;Cajamarca, San Marcos, distrito: Gregorio Pita
061005;Cajamarca, San Marcos, distrito: Ichocan
061006;Cajamarca, San Marcos, distrito: José Manuel Quiroz
061007;Cajamarca, San Marcos, distrito: José Sabogal
061101;Cajamarca, San Miguel, distrito: San Miguel
061102;Cajamarca, San Miguel, distrito: Bolívar
061103;Cajamarca, San Miguel, distrito: Calquis
061104;Cajamarca, San Miguel, distrito: Catilluc
061105;Cajamarca, San Miguel, distrito: El Prado
061106;Cajamarca, San Miguel, distrito: La Florida
061107;Cajamarca, San Miguel, distrito: Llapa
061108;Cajamarca, San Miguel, distrito: Nanchoc
061109;Cajamarca, San Miguel, distrito: Niepos
061110;Cajamarca, San Miguel, distrito: San Gregorio
061111;Cajamarca, San Miguel, distrito: San Silvestre de Cochan
061112;Cajamarca, San Miguel, distrito: Tongod
061113;Cajamarca, San Miguel, distrito: Unión Agua Blanca
061201;Cajamarca, San Pablo, distrito: San Pablo
061202;Cajamarca, San Pablo, distrito: San Bernardino
061203;Cajamarca, San Pablo, distrito: San Luis
061204;Cajamarca, San Pablo, distrito: Tumbaden
061301;Cajamarca, Santa Cruz, distrito: Santa Cruz
061302;Cajamarca, Santa Cruz, distrito: Andabamba
061303;Cajamarca, Santa Cruz, distrito: Catache
061304;Cajamarca, Santa Cruz, distrito: Chancaybaños
061305;Cajamarca, Santa Cruz, distrito: La Esperanza
061306;Cajamarca, Santa Cruz, distrito: Ninabamba
061307;Cajamarca, Santa Cruz, distrito: Pulan
061308;Cajamarca, Santa Cruz, distrito: Saucepampa
061309;Cajamarca, Santa Cruz, distrito: Sexi
061310;Cajamarca, Santa Cruz, distrito: Uticyacu
061311;Cajamarca, Santa Cruz, distrito: Yauyucan
070101;Prov. Constitucional del Callao, distrito: Callao
070102;Prov. Constitucional del Callao, distrito: Bellavista
070103;Prov. Constitucional del Callao, distrito: Carmen de la Legua Reynoso
070104;Prov. Constitucional del Callao, distrito: La Perla
070105;Prov. Constitucional del Callao, distrito: La Punta
070106;Prov. Constitucional del Callao, distrito: Ventanilla
070107;Prov. Constitucional del Callao, distrito: Mi Perú
080101;Cusco, Cusco, distrito: Cusco
080102;Cusco, Cusco, distrito: Ccorca
080103;Cusco, Cusco, distrito: Poroy
080104;Cusco, Cusco, distrito: San Jerónimo
080105;Cusco, Cusco, distrito: San Sebastian
080106;Cusco, Cusco, distrito: Santiago
080107;Cusco, Cusco, distrito: Saylla
080108;Cusco, Cusco, distrito: Wanchaq
080201;Cusco, Acomayo, distrito: Acomayo
080202;Cusco, Acomayo, distrito: Acopia
080203;Cusco, Acomayo, distrito: Acos
080204;Cusco, Acomayo, distrito: Mosoc Llacta
080205;Cusco, Acomayo, distrito: Pomacanchi
080206;Cusco, Acomayo, distrito: Rondocan
080207;Cusco, Acomayo, distrito: Sangarara
080301;Cusco, Anta, distrito: Anta
080302;Cusco, Anta, distrito: Ancahuasi
080303;Cusco, Anta, distrito: Cachimayo
080304;Cusco, Anta, distrito: Chinchaypujio
080305;Cusco, Anta, distrito: Huarocondo
080306;Cusco, Anta, distrito: Limatambo
080307;Cusco, Anta, distrito: Mollepata
080308;Cusco, Anta, distrito: Pucyura
080309;Cusco, Anta, distrito: Zurite
080401;Cusco, Calca, distrito: Calca
080402;Cusco, Calca, distrito: Coya
080403;Cusco, Calca, distrito: Lamay
080404;Cusco, Calca, distrito: Lares
080405;Cusco, Calca, distrito: Pisac
080406;Cusco, Calca, distrito: San Salvador
080407;Cusco, Calca, distrito: Taray
080408;Cusco, Calca, distrito: Yanatile
080501;Cusco, Canas, distrito: Yanaoca
080502;Cusco, Canas, distrito: Checca
080503;Cusco, Canas, distrito: Kunturkanki
080504;Cusco, Canas, distrito: Langui
080505;Cusco, Canas, distrito: Layo
080506;Cusco, Canas, distrito: Pampamarca
080507;Cusco, Canas, distrito: Quehue
080508;Cusco, Canas, distrito: Tupac Amaru
080601;Cusco, Canchis, distrito: Sicuani
080602;Cusco, Canchis, distrito: Checacupe
080603;Cusco, Canchis, distrito: Combapata
080604;Cusco, Canchis, distrito: Marangani
080605;Cusco, Canchis, distrito: Pitumarca
080606;Cusco, Canchis, distrito: San Pablo
080607;Cusco, Canchis, distrito: San Pedro
080608;Cusco, Canchis, distrito: Tinta
080701;Cusco, Chumbivilcas, distrito: Santo Tomas
080702;Cusco, Chumbivilcas, distrito: Capacmarca
080703;Cusco, Chumbivilcas, distrito: Chamaca
080704;Cusco, Chumbivilcas, distrito: Colquemarca
080705;Cusco, Chumbivilcas, distrito: Livitaca
080706;Cusco, Chumbivilcas, distrito: Llusco
080707;Cusco, Chumbivilcas, distrito: Quiñota
080708;Cusco, Chumbivilcas, distrito: Velille
080801;Cusco, Espinar, distrito: Espinar
080802;Cusco, Espinar, distrito: Condoroma
080803;Cusco, Espinar, distrito: Coporaque
080804;Cusco, Espinar, distrito: Ocoruro
080805;Cusco, Espinar, distrito: Pallpata
080806;Cusco, Espinar, distrito: Pichigua
080807;Cusco, Espinar, distrito: Suyckutambo
080808;Cusco, Espinar, distrito: Alto Pichigua
080901;Cusco, La Convención, distrito: Santa Ana
080902;Cusco, La Convención, distrito: Echarate
080903;Cusco, La Convención, distrito: Huayopata
080904;Cusco, La Convención, distrito: Maranura
080905;Cusco, La Convención, distrito: Ocobamba
080906;Cusco, La Convención, distrito: Quellouno
080907;Cusco, La Convención, distrito: Kimbiri
080908;Cusco, La Convención, distrito: Santa Teresa
080909;Cusco, La Convención, distrito: Vilcabamba
080910;Cusco, La Convención, distrito: Pichari
080911;Cusco, La Convención, distrito: Inkawasi
080912;Cusco, La Convención, distrito: Villa Virgen
080913;Cusco, La Convención, distrito: Villa Kintiarina
080914;Cusco, La Convención, distrito: Megantoni
081001;Cusco, Paruro, distrito: Paruro
081002;Cusco, Paruro, distrito: Accha
081003;Cusco, Paruro, distrito: Ccapi
081004;Cusco, Paruro, distrito: Colcha
081005;Cusco, Paruro, distrito: Huanoquite
081006;Cusco, Paruro, distrito: Omacha
081007;Cusco, Paruro, distrito: Paccaritambo
081008;Cusco, Paruro, distrito: Pillpinto
081009;Cusco, Paruro, distrito: Yaurisque
081101;Cusco, Paucartambo, distrito: Paucartambo
081102;Cusco, Paucartambo, distrito: Caicay
081103;Cusco, Paucartambo, distrito: Challabamba
081104;Cusco, Paucartambo, distrito: Colquepata
081105;Cusco, Paucartambo, distrito: Huancarani
081106;Cusco, Paucartambo, distrito: Kosñipata
081201;Cusco, Quispicanchi, distrito: Urcos
081202;Cusco, Quispicanchi, distrito: Andahuaylillas
081203;Cusco, Quispicanchi, distrito: Camanti
081204;Cusco, Quispicanchi, distrito: Ccarhuayo
081205;Cusco, Quispicanchi, distrito: Ccatca
081206;Cusco, Quispicanchi, distrito: Cusipata
081207;Cusco, Quispicanchi, distrito: Huaro
081208;Cusco, Quispicanchi, distrito: Lucre
081209;Cusco, Quispicanchi, distrito: Marcapata
081210;Cusco, Quispicanchi, distrito: Ocongate
081211;Cusco, Quispicanchi, distrito: Oropesa
081212;Cusco, Quispicanchi, distrito: Quiquijana
081301;Cusco, Urubamba, distrito: Urubamba
081302;Cusco, Urubamba, distrito: Chinchero
081303;Cusco, Urubamba, distrito: Huayllabamba
081304;Cusco, Urubamba, distrito: Machupicchu
081305;Cusco, Urubamba, distrito: Maras
081306;Cusco, Urubamba, distrito: Ollantaytambo
081307;Cusco, Urubamba, distrito: Yucay
090101;Huancavelica, Huancavelica, distrito: Huancavelica
090102;Huancavelica, Huancavelica, distrito: Acobambilla
090103;Huancavelica, Huancavelica, distrito: Acoria
090104;Huancavelica, Huancavelica, distrito: Conayca
090105;Huancavelica, Huancavelica, distrito: Cuenca
090106;Huancavelica, Huancavelica, distrito: Huachocolpa
090107;Huancavelica, Huancavelica, distrito: Huayllahuara
090108;Huancavelica, Huancavelica, distrito: Izcuchaca
090109;Huancavelica, Huancavelica, distrito: Laria
090110;Huancavelica, Huancavelica, distrito: Manta
090111;Huancavelica, Huancavelica, distrito: Mariscal Cáceres
090112;Huancavelica, Huancavelica, distrito: Moya
090113;Huancavelica, Huancavelica, distrito: Nuevo Occoro
090114;Huancavelica, Huancavelica, distrito: Palca
090115;Huancavelica, Huancavelica, distrito: Pilchaca
090116;Huancavelica, Huancavelica, distrito: Vilca
090117;Huancavelica, Huancavelica, distrito: Yauli
090118;Huancavelica, Huancavelica, distrito: Ascensión
090119;Huancavelica, Huancavelica, distrito: Huando
090201;Huancavelica, Acobamba, distrito: Acobamba
090202;Huancavelica, Acobamba, distrito: Andabamba
090203;Huancavelica, Acobamba, distrito: Anta
090204;Huancavelica, Acobamba, distrito: Caja
090205;Huancavelica, Acobamba, distrito: Marcas
090206;Huancavelica, Acobamba, distrito: Paucara
090207;Huancavelica, Acobamba, distrito: Pomacocha
090208;Huancavelica, Acobamba, distrito: Rosario
090301;Huancavelica, Angaraes, distrito: Lircay
090302;Huancavelica, Angaraes, distrito: Anchonga
090303;Huancavelica, Angaraes, distrito: Callanmarca
090304;Huancavelica, Angaraes, distrito: Ccochaccasa
090305;Huancavelica, Angaraes, distrito: Chincho
090306;Huancavelica, Angaraes, distrito: Congalla
090307;Huancavelica, Angaraes, distrito: Huanca-Huanca
090308;Huancavelica, Angaraes, distrito: Huayllay Grande
090309;Huancavelica, Angaraes, distrito: Julcamarca
090310;Huancavelica, Angaraes, distrito: San Antonio de Antaparco
090311;Huancavelica, Angaraes, distrito: Santo Tomas de Pata
090312;Huancavelica, Angaraes, distrito: Secclla
090401;Huancavelica, Castrovirreyna, distrito: Castrovirreyna
090402;Huancavelica, Castrovirreyna, distrito: Arma
090403;Huancavelica, Castrovirreyna, distrito: Aurahua
090404;Huancavelica, Castrovirreyna, distrito: Capillas
090405;Huancavelica, Castrovirreyna, distrito: Chupamarca
090406;Huancavelica, Castrovirreyna, distrito: Cocas
090407;Huancavelica, Castrovirreyna, distrito: Huachos
090408;Huancavelica, Castrovirreyna, distrito: Huamatambo
090409;Huancavelica, Castrovirreyna, distrito: Mollepampa
090410;Huancavelica, Castrovirreyna, distrito: San Juan
090411;Huancavelica, Castrovirreyna, distrito: Santa Ana
090412;Huancavelica, Castrovirreyna, distrito: Tantara
090413;Huancavelica, Castrovirreyna, distrito: Ticrapo
090501;Huancavelica, Churcampa, distrito: Churcampa
090502;Huancavelica, Churcampa, distrito: Anco
090503;Huancavelica, Churcampa, distrito: Chinchihuasi
090504;Huancavelica, Churcampa, distrito: El Carmen
090505;Huancavelica, Churcampa, distrito: La Merced
090506;Huancavelica, Churcampa, distrito: Locroja
090507;Huancavelica, Churcampa, distrito: Paucarbamba
090508;Huancavelica, Churcampa, distrito: San Miguel de Mayocc
090509;Huancavelica, Churcampa, distrito: San Pedro de Coris
090510;Huancavelica, Churcampa, distrito: Pachamarca
090511;Huancavelica, Churcampa, distrito: Cosme
090601;Huancavelica, Huaytará, distrito: Huaytará
090602;Huancavelica, Huaytará, distrito: Ayavi
090603;Huancavelica, Huaytará, distrito: Cordova
090604;Huancavelica, Huaytará, distrito: Huayacundo Arma
090605;Huancavelica, Huaytará, distrito: Laramarca
090606;Huancavelica, Huaytará, distrito: Ocoyo
090607;Huancavelica, Huaytará, distrito: Pilpichaca
090608;Huancavelica, Huaytará, distrito: Querco
090609;Huancavelica, Huaytará, distrito: Quito-Arma
090610;Huancavelica, Huaytará, distrito: San Antonio de Cusicancha
090611;Huancavelica, Huaytará, distrito: San Francisco de Sangayaico
090612;Huancavelica, Huaytará, distrito: San Isidro
090613;Huancavelica, Huaytará, distrito: Santiago de Chocorvos
090614;Huancavelica, Huaytará, distrito: Santiago de Quirahuara
090615;Huancavelica, Huaytará, distrito: Santo Domingo de Capillas
090616;Huancavelica, Huaytará, distrito: Tambo
090701;Huancavelica, Tayacaja, distrito: Pampas
090702;Huancavelica, Tayacaja, distrito: Acostambo
090703;Huancavelica, Tayacaja, distrito: Acraquia
090704;Huancavelica, Tayacaja, distrito: Ahuaycha
090705;Huancavelica, Tayacaja, distrito: Colcabamba
090706;Huancavelica, Tayacaja, distrito: Daniel Hernández
090707;Huancavelica, Tayacaja, distrito: Huachocolpa
090709;Huancavelica, Tayacaja, distrito: Huaribamba
090710;Huancavelica, Tayacaja, distrito: Ñahuimpuquio
090711;Huancavelica, Tayacaja, distrito: Pazos
090713;Huancavelica, Tayacaja, distrito: Quishuar
090714;Huancavelica, Tayacaja, distrito: Salcabamba
090715;Huancavelica, Tayacaja, distrito: Salcahuasi
090716;Huancavelica, Tayacaja, distrito: San Marcos de Rocchac
090717;Huancavelica, Tayacaja, distrito: Surcubamba
090718;Huancavelica, Tayacaja, distrito: Tintay Puncu
090719;Huancavelica, Tayacaja, distrito: Quichuas
090720;Huancavelica, Tayacaja, distrito: Andaymarca
090721;Huancavelica, Tayacaja, distrito: Roble
090722;Huancavelica, Tayacaja, distrito: Pichos
090723;Huancavelica, Tayacaja, distrito: Santiago de Tucuma
100101;Huánuco, Huánuco, distrito: Huánuco
100102;Huánuco, Huánuco, distrito: Amarilis
100103;Huánuco, Huánuco, distrito: Chinchao
100104;Huánuco, Huánuco, distrito: Churubamba
100105;Huánuco, Huánuco, distrito: Margos
100106;Huánuco, Huánuco, distrito: Quisqui (Kichki)
100107;Huánuco, Huánuco, distrito: San Francisco de Cayran
100108;Huánuco, Huánuco, distrito: San Pedro de Chaulan
100109;Huánuco, Huánuco, distrito: Santa Maria del Valle
100110;Huánuco, Huánuco, distrito: Yarumayo
100111;Huánuco, Huánuco, distrito: Pillco Marca
100112;Huánuco, Huánuco, distrito: Yacus
100113;Huánuco, Huánuco, distrito: San Pablo de Pillao
100201;Huánuco, Ambo, distrito: Ambo
100202;Huánuco, Ambo, distrito: Cayna
100203;Huánuco, Ambo, distrito: Colpas
100204;Huánuco, Ambo, distrito: Conchamarca
100205;Huánuco, Ambo, distrito: Huacar
100206;Huánuco, Ambo, distrito: San Francisco
100207;Huánuco, Ambo, distrito: San Rafael
100208;Huánuco, Ambo, distrito: Tomay Kichwa
100301;Huánuco, Dos de Mayo, distrito: La Unión
100307;Huánuco, Dos de Mayo, distrito: Chuquis
100311;Huánuco, Dos de Mayo, distrito: Marías
100313;Huánuco, Dos de Mayo, distrito: Pachas
100316;Huánuco, Dos de Mayo, distrito: Quivilla
100317;Huánuco, Dos de Mayo, distrito: Ripan
100321;Huánuco, Dos de Mayo, distrito: Shunqui
100322;Huánuco, Dos de Mayo, distrito: Sillapata
100323;Huánuco, Dos de Mayo, distrito: Yanas
100401;Huánuco, Huacaybamba, distrito: Huacaybamba
100402;Huánuco, Huacaybamba, distrito: Canchabamba
100403;Huánuco, Huacaybamba, distrito: Cochabamba
100404;Huánuco, Huacaybamba, distrito: Pinra
100501;Huánuco, Huamalíes, distrito: Llata
100502;Huánuco, Huamalíes, distrito: Arancay
100503;Huánuco, Huamalíes, distrito: Chavín de Pariarca
100504;Huánuco, Huamalíes, distrito: Jacas Grande
100505;Huánuco, Huamalíes, distrito: Jircan
100506;Huánuco, Huamalíes, distrito: Miraflores
100507;Huánuco, Huamalíes, distrito: Monzón
100508;Huánuco, Huamalíes, distrito: Punchao
100509;Huánuco, Huamalíes, distrito: Puños
100510;Huánuco, Huamalíes, distrito: Singa
100511;Huánuco, Huamalíes, distrito: Tantamayo
100601;Huánuco, Leoncio Prado, distrito: Rupa-Rupa
100602;Huánuco, Leoncio Prado, distrito: Daniel Alomía Robles
100603;Huánuco, Leoncio Prado, distrito: Hermílio Valdizan
100604;Huánuco, Leoncio Prado, distrito: José Crespo y Castillo
100605;Huánuco, Leoncio Prado, distrito: Luyando
100606;Huánuco, Leoncio Prado, distrito: Mariano Damaso Beraun
100607;Huánuco, Leoncio Prado, distrito: Pucayacu
100608;Huánuco, Leoncio Prado, distrito: Castillo Grande
100609;Huánuco, Leoncio Prado, distrito: Pueblo Nuevo
100610;Huánuco, Leoncio Prado, distrito: Santo Domingo de Anda
100701;Huánuco, Marañón, distrito: Huacrachuco
100702;Huánuco, Marañón, distrito: Cholon
100703;Huánuco, Marañón, distrito: San Buenaventura
100704;Huánuco, Marañón, distrito: La Morada
100705;Huánuco, Marañón, distrito: Santa Rosa de Alto Yanajanca
100801;Huánuco, Pachitea, distrito: Panao
100802;Huánuco, Pachitea, distrito: Chaglla
100803;Huánuco, Pachitea, distrito: Molino
100804;Huánuco, Pachitea, distrito: Umari
100901;Huánuco, Puerto Inca, distrito: Puerto Inca
100902;Huánuco, Puerto Inca, distrito: Codo del Pozuzo
100903;Huánuco, Puerto Inca, distrito: Honoria
100904;Huánuco, Puerto Inca, distrito: Tournavista
100905;Huánuco, Puerto Inca, distrito: Yuyapichis
101001;Huánuco, Lauricocha, distrito: Jesús
101002;Huánuco, Lauricocha, distrito: Baños
101003;Huánuco, Lauricocha, distrito: Jivia
101004;Huánuco, Lauricocha, distrito: Queropalca
101005;Huánuco, Lauricocha, distrito: Rondos
101006;Huánuco, Lauricocha, distrito: San Francisco de Asís
101007;Huánuco, Lauricocha, distrito: San Miguel de Cauri
101101;Huánuco, Yarowilca, distrito: Chavinillo
101102;Huánuco, Yarowilca, distrito: Cahuac
101103;Huánuco, Yarowilca, distrito: Chacabamba
101104;Huánuco, Yarowilca, distrito: Aparicio Pomares
101105;Huánuco, Yarowilca, distrito: Jacas Chico
101106;Huánuco, Yarowilca, distrito: Obas
101107;Huánuco, Yarowilca, distrito: Pampamarca
101108;Huánuco, Yarowilca, distrito: Choras
110101;Ica, Ica, distrito: Ica
110102;Ica, Ica, distrito: La Tinguiña
110103;Ica, Ica, distrito: Los Aquijes
110104;Ica, Ica, distrito: Ocucaje
110105;Ica, Ica, distrito: Pachacutec
110106;Ica, Ica, distrito: Parcona
110107;Ica, Ica, distrito: Pueblo Nuevo
110108;Ica, Ica, distrito: Salas
110109;Ica, Ica, distrito: San José de Los Molinos
110110;Ica, Ica, distrito: San Juan Bautista
110111;Ica, Ica, distrito: Santiago
110112;Ica, Ica, distrito: Subtanjalla
110113;Ica, Ica, distrito: Tate
110114;Ica, Ica, distrito: Yauca del Rosario
110201;Ica, Chincha, distrito: Chincha Alta
110202;Ica, Chincha, distrito: Alto Laran
110203;Ica, Chincha, distrito: Chavin
110204;Ica, Chincha, distrito: Chincha Baja
110205;Ica, Chincha, distrito: El Carmen
110206;Ica, Chincha, distrito: Grocio Prado
110207;Ica, Chincha, distrito: Pueblo Nuevo
110208;Ica, Chincha, distrito: San Juan de Yanac
110209;Ica, Chincha, distrito: San Pedro de Huacarpana
110210;Ica, Chincha, distrito: Sunampe
110211;Ica, Chincha, distrito: Tambo de Mora
110301;Ica, Nasca, distrito: Nasca
110302;Ica, Nasca, distrito: Changuillo
110303;Ica, Nasca, distrito: El Ingenio
110304;Ica, Nasca, distrito: Marcona
110305;Ica, Nasca, distrito: Vista Alegre
110401;Ica, Palpa, distrito: Palpa
110402;Ica, Palpa, distrito: Llipata
110403;Ica, Palpa, distrito: Río Grande
110404;Ica, Palpa, distrito: Santa Cruz
110405;Ica, Palpa, distrito: Tibillo
110501;Ica, Pisco, distrito: Pisco
110502;Ica, Pisco, distrito: Huancano
110503;Ica, Pisco, distrito: Humay
110504;Ica, Pisco, distrito: Independencia
110505;Ica, Pisco, distrito: Paracas
110506;Ica, Pisco, distrito: San Andrés
110507;Ica, Pisco, distrito: San Clemente
110508;Ica, Pisco, distrito: Tupac Amaru Inca
120101;Junín, Huancayo, distrito: Huancayo
120104;Junín, Huancayo, distrito: Carhuacallanga
120105;Junín, Huancayo, distrito: Chacapampa
120106;Junín, Huancayo, distrito: Chicche
120107;Junín, Huancayo, distrito: Chilca
120108;Junín, Huancayo, distrito: Chongos Alto
120111;Junín, Huancayo, distrito: Chupuro
120112;Junín, Huancayo, distrito: Colca
120113;Junín, Huancayo, distrito: Cullhuas
120114;Junín, Huancayo, distrito: El Tambo
120116;Junín, Huancayo, distrito: Huacrapuquio
120117;Junín, Huancayo, distrito: Hualhuas
120119;Junín, Huancayo, distrito: Huancan
120120;Junín, Huancayo, distrito: Huasicancha
120121;Junín, Huancayo, distrito: Huayucachi
120122;Junín, Huancayo, distrito: Ingenio
120124;Junín, Huancayo, distrito: Pariahuanca
120125;Junín, Huancayo, distrito: Pilcomayo
120126;Junín, Huancayo, distrito: Pucara
120127;Junín, Huancayo, distrito: Quichuay
120128;Junín, Huancayo, distrito: Quilcas
120129;Junín, Huancayo, distrito: San Agustín
120130;Junín, Huancayo, distrito: San Jerónimo de Tunan
120132;Junín, Huancayo, distrito: Saño
120133;Junín, Huancayo, distrito: Sapallanga
120134;Junín, Huancayo, distrito: Sicaya
120135;Junín, Huancayo, distrito: Santo Domingo de Acobamba
120136;Junín, Huancayo, distrito: Viques
120201;Junín, Concepción, distrito: Concepción
120202;Junín, Concepción, distrito: Aco
120203;Junín, Concepción, distrito: Andamarca
120204;Junín, Concepción, distrito: Chambara
120205;Junín, Concepción, distrito: Cochas
120206;Junín, Concepción, distrito: Comas
120207;Junín, Concepción, distrito: Heroínas Toledo
120208;Junín, Concepción, distrito: Manzanares
120209;Junín, Concepción, distrito: Mariscal Castilla
120210;Junín, Concepción, distrito: Matahuasi
120211;Junín, Concepción, distrito: Mito
120212;Junín, Concepción, distrito: Nueve de Julio
120213;Junín, Concepción, distrito: Orcotuna
120214;Junín, Concepción, distrito: San José de Quero
120215;Junín, Concepción, distrito: Santa Rosa de Ocopa
120301;Junín, Chanchamayo, distrito: Chanchamayo
120302;Junín, Chanchamayo, distrito: Perene
120303;Junín, Chanchamayo, distrito: Pichanaqui
120304;Junín, Chanchamayo, distrito: San Luis de Shuaro
120305;Junín, Chanchamayo, distrito: San Ramón
120306;Junín, Chanchamayo, distrito: Vitoc
120401;Junín, Jauja, distrito: Jauja
120402;Junín, Jauja, distrito: Acolla
120403;Junín, Jauja, distrito: Apata
120404;Junín, Jauja, distrito: Ataura
120405;Junín, Jauja, distrito: Canchayllo
120406;Junín, Jauja, distrito: Curicaca
120407;Junín, Jauja, distrito: El Mantaro
120408;Junín, Jauja, distrito: Huamali
120409;Junín, Jauja, distrito: Huaripampa
120410;Junín, Jauja, distrito: Huertas
120411;Junín, Jauja, distrito: Janjaillo
120412;Junín, Jauja, distrito: Julcán
120413;Junín, Jauja, distrito: Leonor Ordoñez
120414;Junín, Jauja, distrito: Llocllapampa
120415;Junín, Jauja, distrito: Marco
120416;Junín, Jauja, distrito: Masma
120417;Junín, Jauja, distrito: Masma Chicche
120418;Junín, Jauja, distrito: Molinos
120419;Junín, Jauja, distrito: Monobamba
120420;Junín, Jauja, distrito: Muqui
120421;Junín, Jauja, distrito: Muquiyauyo
120422;Junín, Jauja, distrito: Paca
120423;Junín, Jauja, distrito: Paccha
120424;Junín, Jauja, distrito: Pancan
120425;Junín, Jauja, distrito: Parco
120426;Junín, Jauja, distrito: Pomacancha
120427;Junín, Jauja, distrito: Ricran
120428;Junín, Jauja, distrito: San Lorenzo
120429;Junín, Jauja, distrito: San Pedro de Chunan
120430;Junín, Jauja, distrito: Sausa
120431;Junín, Jauja, distrito: Sincos
120432;Junín, Jauja, distrito: Tunan Marca
120433;Junín, Jauja, distrito: Yauli
120434;Junín, Jauja, distrito: Yauyos
120501;Junín, Junín, distrito: Junín
120502;Junín, Junín, distrito: Carhuamayo
120503;Junín, Junín, distrito: Ondores
120504;Junín, Junín, distrito: Ulcumayo
120601;Junín, Satipo, distrito: Satipo
120602;Junín, Satipo, distrito: Coviriali
120603;Junín, Satipo, distrito: Llaylla
120604;Junín, Satipo, distrito: Mazamari
120605;Junín, Satipo, distrito: Pampa Hermosa
120606;Junín, Satipo, distrito: Pangoa
120607;Junín, Satipo, distrito: Río Negro
120608;Junín, Satipo, distrito: Río Tambo
120609;Junín, Satipo, distrito: Vizcatan del Ene
120701;Junín, Tarma, distrito: Tarma
120702;Junín, Tarma, distrito: Acobamba
120703;Junín, Tarma, distrito: Huaricolca
120704;Junín, Tarma, distrito: Huasahuasi
120705;Junín, Tarma, distrito: La Unión
120706;Junín, Tarma, distrito: Palca
120707;Junín, Tarma, distrito: Palcamayo
120708;Junín, Tarma, distrito: San Pedro de Cajas
120709;Junín, Tarma, distrito: Tapo
120801;Junín, Yauli, distrito: La Oroya
120802;Junín, Yauli, distrito: Chacapalpa
120803;Junín, Yauli, distrito: Huay-Huay
120804;Junín, Yauli, distrito: Marcapomacocha
120805;Junín, Yauli, distrito: Morococha
120806;Junín, Yauli, distrito: Paccha
120807;Junín, Yauli, distrito: Santa Bárbara de Carhuacayan
120808;Junín, Yauli, distrito: Santa Rosa de Sacco
120809;Junín, Yauli, distrito: Suitucancha
120810;Junín, Yauli, distrito: Yauli
120901;Junín, Chupaca, distrito: Chupaca
120902;Junín, Chupaca, distrito: Ahuac
120903;Junín, Chupaca, distrito: Chongos Bajo
120904;Junín, Chupaca, distrito: Huachac
120905;Junín, Chupaca, distrito: Huamancaca Chico
120906;Junín, Chupaca, distrito: San Juan de Iscos
120907;Junín, Chupaca, distrito: San Juan de Jarpa
120908;Junín, Chupaca, distrito: Tres de Diciembre
120909;Junín, Chupaca, distrito: Yanacancha
130101;La Libertad, Trujillo, distrito: Trujillo
130102;La Libertad, Trujillo, distrito: El Porvenir
130103;La Libertad, Trujillo, distrito: Florencia de Mora
130104;La Libertad, Trujillo, distrito: Huanchaco
130105;La Libertad, Trujillo, distrito: La Esperanza
130106;La Libertad, Trujillo, distrito: Laredo
130107;La Libertad, Trujillo, distrito: Moche
130108;La Libertad, Trujillo, distrito: Poroto
130109;La Libertad, Trujillo, distrito: Salaverry
130110;La Libertad, Trujillo, distrito: Simbal
130111;La Libertad, Trujillo, distrito: Victor Larco Herrera
130201;La Libertad, Ascope, distrito: Ascope
130202;La Libertad, Ascope, distrito: Chicama
130203;La Libertad, Ascope, distrito: Chocope
130204;La Libertad, Ascope, distrito: Magdalena de Cao
130205;La Libertad, Ascope, distrito: Paijan
130206;La Libertad, Ascope, distrito: Razuri
130207;La Libertad, Ascope, distrito: Santiago de Cao
130208;La Libertad, Ascope, distrito: Casa Grande
130301;La Libertad, Bolívar, distrito: Bolívar
130302;La Libertad, Bolívar, distrito: Bambamarca
130303;La Libertad, Bolívar, distrito: Condormarca
130304;La Libertad, Bolívar, distrito: Longotea
130305;La Libertad, Bolívar, distrito: Uchumarca
130306;La Libertad, Bolívar, distrito: Ucuncha
130401;La Libertad, Chepén, distrito: Chepén
130402;La Libertad, Chepén, distrito: Pacanga
130403;La Libertad, Chepén, distrito: Pueblo Nuevo
130501;La Libertad, Julcán, distrito: Julcán
130502;La Libertad, Julcán, distrito: Calamarca
130503;La Libertad, Julcán, distrito: Carabamba
130504;La Libertad, Julcán, distrito: Huaso
130601;La Libertad, Otuzco, distrito: Otuzco
130602;La Libertad, Otuzco, distrito: Agallpampa
130604;La Libertad, Otuzco, distrito: Charat
130605;La Libertad, Otuzco, distrito: Huaranchal
130606;La Libertad, Otuzco, distrito: La Cuesta
130608;La Libertad, Otuzco, distrito: Mache
130610;La Libertad, Otuzco, distrito: Paranday
130611;La Libertad, Otuzco, distrito: Salpo
130613;La Libertad, Otuzco, distrito: Sinsicap
130614;La Libertad, Otuzco, distrito: Usquil
130701;La Libertad, Pacasmayo, distrito: San Pedro de Lloc
130702;La Libertad, Pacasmayo, distrito: Guadalupe
130703;La Libertad, Pacasmayo, distrito: Jequetepeque
130704;La Libertad, Pacasmayo, distrito: Pacasmayo
130705;La Libertad, Pacasmayo, distrito: San José
130801;La Libertad, Pataz, distrito: Tayabamba
130802;La Libertad, Pataz, distrito: Buldibuyo
130803;La Libertad, Pataz, distrito: Chillia
130804;La Libertad, Pataz, distrito: Huancaspata
130805;La Libertad, Pataz, distrito: Huaylillas
130806;La Libertad, Pataz, distrito: Huayo
130807;La Libertad, Pataz, distrito: Ongon
130808;La Libertad, Pataz, distrito: Parcoy
130809;La Libertad, Pataz, distrito: Pataz
130810;La Libertad, Pataz, distrito: Pias
130811;La Libertad, Pataz, distrito: Santiago de Challas
130812;La Libertad, Pataz, distrito: Taurija
130813;La Libertad, Pataz, distrito: Urpay
130901;La Libertad, Sánchez Carrión, distrito: Huamachuco
130902;La Libertad, Sánchez Carrión, distrito: Chugay
130903;La Libertad, Sánchez Carrión, distrito: Cochorco
130904;La Libertad, Sánchez Carrión, distrito: Curgos
130905;La Libertad, Sánchez Carrión, distrito: Marcabal
130906;La Libertad, Sánchez Carrión, distrito: Sanagoran
130907;La Libertad, Sánchez Carrión, distrito: Sarin
130908;La Libertad, Sánchez Carrión, distrito: Sartimbamba
131001;La Libertad, Santiago de Chuco, distrito: Santiago de Chuco
131002;La Libertad, Santiago de Chuco, distrito: Angasmarca
131003;La Libertad, Santiago de Chuco, distrito: Cachicadan
131004;La Libertad, Santiago de Chuco, distrito: Mollebamba
131005;La Libertad, Santiago de Chuco, distrito: Mollepata
131006;La Libertad, Santiago de Chuco, distrito: Quiruvilca
131007;La Libertad, Santiago de Chuco, distrito: Santa Cruz de Chuca
131008;La Libertad, Santiago de Chuco, distrito: Sitabamba
131101;La Libertad, Gran Chimú, distrito: Cascas
131102;La Libertad, Gran Chimú, distrito: Lucma
131103;La Libertad, Gran Chimú, distrito: Marmot
131104;La Libertad, Gran Chimú, distrito: Sayapullo
131201;La Libertad, Virú, distrito: Virú
131202;La Libertad, Virú, distrito: Chao
131203;La Libertad, Virú, distrito: Guadalupito
140101;Lambayeque, Chiclayo, distrito: Chiclayo
140102;Lambayeque, Chiclayo, distrito: Chongoyape
140103;Lambayeque, Chiclayo, distrito: Eten
140104;Lambayeque, Chiclayo, distrito: Eten Puerto
140105;Lambayeque, Chiclayo, distrito: José Leonardo Ortiz
140106;Lambayeque, Chiclayo, distrito: La Victoria
140107;Lambayeque, Chiclayo, distrito: Lagunas
140108;Lambayeque, Chiclayo, distrito: Monsefu
140109;Lambayeque, Chiclayo, distrito: Nueva Arica
140110;Lambayeque, Chiclayo, distrito: Oyotun
140111;Lambayeque, Chiclayo, distrito: Picsi
140112;Lambayeque, Chiclayo, distrito: Pimentel
140113;Lambayeque, Chiclayo, distrito: Reque
140114;Lambayeque, Chiclayo, distrito: Santa Rosa
140115;Lambayeque, Chiclayo, distrito: Saña
140116;Lambayeque, Chiclayo, distrito: Cayalti
140117;Lambayeque, Chiclayo, distrito: Patapo
140118;Lambayeque, Chiclayo, distrito: Pomalca
140119;Lambayeque, Chiclayo, distrito: Pucala
140120;Lambayeque, Chiclayo, distrito: Tuman
140201;Lambayeque, Ferreñafe, distrito: Ferreñafe
140202;Lambayeque, Ferreñafe, distrito: Cañaris
140203;Lambayeque, Ferreñafe, distrito: Incahuasi
140204;Lambayeque, Ferreñafe, distrito: Manuel Antonio Mesones Muro
140205;Lambayeque, Ferreñafe, distrito: Pitipo
140206;Lambayeque, Ferreñafe, distrito: Pueblo Nuevo
140301;Lambayeque, Lambayeque, distrito: Lambayeque
140302;Lambayeque, Lambayeque, distrito: Chochope
140303;Lambayeque, Lambayeque, distrito: Illimo
140304;Lambayeque, Lambayeque, distrito: Jayanca
140305;Lambayeque, Lambayeque, distrito: Mochumi
140306;Lambayeque, Lambayeque, distrito: Morrope
140307;Lambayeque, Lambayeque, distrito: Motupe
140308;Lambayeque, Lambayeque, distrito: Olmos
140309;Lambayeque, Lambayeque, distrito: Pacora
140310;Lambayeque, Lambayeque, distrito: Salas
140311;Lambayeque, Lambayeque, distrito: San José
140312;Lambayeque, Lambayeque, distrito: Tucume
150101;Lima, Lima, distrito: Lima
150102;Lima, Lima, distrito: Ancón
150103;Lima, Lima, distrito: Ate
150104;Lima, Lima, distrito: Barranco
150105;Lima, Lima, distrito: Breña
150106;Lima, Lima, distrito: Carabayllo
150107;Lima, Lima, distrito: Chaclacayo
150108;Lima, Lima, distrito: Chorrillos
150109;Lima, Lima, distrito: Cieneguilla
150110;Lima, Lima, distrito: Comas
150111;Lima, Lima, distrito: El Agustino
150112;Lima, Lima, distrito: Independencia
150113;Lima, Lima, distrito: Jesús María
150114;Lima, Lima, distrito: La Molina
150115;Lima, Lima, distrito: La Victoria
150116;Lima, Lima, distrito: Lince
150117;Lima, Lima, distrito: Los Olivos
150118;Lima, Lima, distrito: Lurigancho
150119;Lima, Lima, distrito: Lurin
150120;Lima, Lima, distrito: Magdalena del Mar
150121;Lima, Lima, distrito: Pueblo Libre
150122;Lima, Lima, distrito: Miraflores
150123;Lima, Lima, distrito: Pachacamac
150124;Lima, Lima, distrito: Pucusana
150125;Lima, Lima, distrito: Puente Piedra
150126;Lima, Lima, distrito: Punta Hermosa
150127;Lima, Lima, distrito: Punta Negra
150128;Lima, Lima, distrito: Rímac
150129;Lima, Lima, distrito: San Bartolo
150130;Lima, Lima, distrito: San Borja
150131;Lima, Lima, distrito: San Isidro
150132;Lima, Lima, distrito: San Juan de Lurigancho
150133;Lima, Lima, distrito: San Juan de Miraflores
150134;Lima, Lima, distrito: San Luis
150135;Lima, Lima, distrito: San Martín de Porres
150136;Lima, Lima, distrito: San Miguel
150137;Lima, Lima, distrito: Santa Anita
150138;Lima, Lima, distrito: Santa María del Mar
150139;Lima, Lima, distrito: Santa Rosa
150140;Lima, Lima, distrito: Santiago de Surco
150141;Lima, Lima, distrito: Surquillo
150142;Lima, Lima, distrito: Villa el Salvador
150143;Lima, Lima, distrito: Villa María del Triunfo
150201;Lima, Barranca, distrito: Barranca
150202;Lima, Barranca, distrito: Paramonga
150203;Lima, Barranca, distrito: Pativilca
150204;Lima, Barranca, distrito: Supe
150205;Lima, Barranca, distrito: Supe Puerto
150301;Lima, Cajatambo, distrito: Cajatambo
150302;Lima, Cajatambo, distrito: Copa
150303;Lima, Cajatambo, distrito: Gorgor
150304;Lima, Cajatambo, distrito: Huancapon
150305;Lima, Cajatambo, distrito: Manas
150401;Lima, Canta, distrito: Canta
150402;Lima, Canta, distrito: Arahuay
150403;Lima, Canta, distrito: Huamantanga
150404;Lima, Canta, distrito: Huaros
150405;Lima, Canta, distrito: Lachaqui
150406;Lima, Canta, distrito: San Buenaventura
150407;Lima, Canta, distrito: Santa Rosa de Quives
150501;Lima, Cañete, distrito: San Vicente de Cañete
150502;Lima, Cañete, distrito: Asia
150503;Lima, Cañete, distrito: Calango
150504;Lima, Cañete, distrito: Cerro Azul
150505;Lima, Cañete, distrito: Chilca
150506;Lima, Cañete, distrito: Coayllo
150507;Lima, Cañete, distrito: Imperial
150508;Lima, Cañete, distrito: Lunahuana
150509;Lima, Cañete, distrito: Mala
150510;Lima, Cañete, distrito: Nuevo Imperial
150511;Lima, Cañete, distrito: Pacaran
150512;Lima, Cañete, distrito: Quilmana
150513;Lima, Cañete, distrito: San Antonio
150514;Lima, Cañete, distrito: San Luis
150515;Lima, Cañete, distrito: Santa Cruz de Flores
150516;Lima, Cañete, distrito: Zúñiga
150601;Lima, Huaral, distrito: Huaral
150602;Lima, Huaral, distrito: Atavillos Alto
150603;Lima, Huaral, distrito: Atavillos Bajo
150604;Lima, Huaral, distrito: Aucallama
150605;Lima, Huaral, distrito: Chancay
150606;Lima, Huaral, distrito: Ihuari
150607;Lima, Huaral, distrito: Lampian
150608;Lima, Huaral, distrito: Pacaraos
150609;Lima, Huaral, distrito: San Miguel de Acos
150610;Lima, Huaral, distrito: Santa Cruz de Andamarca
150611;Lima, Huaral, distrito: Sumbilca
150612;Lima, Huaral, distrito: Veintisiete de Noviembre
150701;Lima, Huarochirí, distrito: Matucana
150702;Lima, Huarochirí, distrito: Antioquia
150703;Lima, Huarochirí, distrito: Callahuanca
150704;Lima, Huarochirí, distrito: Carampoma
150705;Lima, Huarochirí, distrito: Chicla
150706;Lima, Huarochirí, distrito: Cuenca
150707;Lima, Huarochirí, distrito: Huachupampa
150708;Lima, Huarochirí, distrito: Huanza
150709;Lima, Huarochirí, distrito: Huarochirí
150710;Lima, Huarochirí, distrito: Lahuaytambo
150711;Lima, Huarochirí, distrito: Langa
150712;Lima, Huarochirí, distrito: San Pedro de Laraos
150713;Lima, Huarochirí, distrito: Mariatana
150714;Lima, Huarochirí, distrito: Ricardo Palma
150715;Lima, Huarochirí, distrito: San Andrés de Tupicocha
150716;Lima, Huarochirí, distrito: San Antonio
150717;Lima, Huarochirí, distrito: San Bartolomé
150718;Lima, Huarochirí, distrito: San Damian
150719;Lima, Huarochirí, distrito: San Juan de Iris
150720;Lima, Huarochirí, distrito: San Juan de Tantaranche
150721;Lima, Huarochirí, distrito: San Lorenzo de Quinti
150722;Lima, Huarochirí, distrito: San Mateo
150723;Lima, Huarochirí, distrito: San Mateo de Otao
150724;Lima, Huarochirí, distrito: San Pedro de Casta
150725;Lima, Huarochirí, distrito: San Pedro de Huancayre
150726;Lima, Huarochirí, distrito: Sangallaya
150727;Lima, Huarochirí, distrito: Santa Cruz de Cocachacra
150728;Lima, Huarochirí, distrito: Santa Eulalia
150729;Lima, Huarochirí, distrito: Santiago de Anchucaya
150730;Lima, Huarochirí, distrito: Santiago de Tuna
150731;Lima, Huarochirí, distrito: Santo Domingo de los Olleros
150732;Lima, Huarochirí, distrito: Surco
150801;Lima, Huaura, distrito: Huacho
150802;Lima, Huaura, distrito: Ambar
150803;Lima, Huaura, distrito: Caleta de Carquin
150804;Lima, Huaura, distrito: Checras
150805;Lima, Huaura, distrito: Hualmay
150806;Lima, Huaura, distrito: Huaura
150807;Lima, Huaura, distrito: Leoncio Prado
150808;Lima, Huaura, distrito: Paccho
150809;Lima, Huaura, distrito: Santa Leonor
150810;Lima, Huaura, distrito: Santa María
150811;Lima, Huaura, distrito: Sayan
150812;Lima, Huaura, distrito: Vegueta
150901;Lima, Oyón, distrito: Oyón
150902;Lima, Oyón, distrito: Andajes
150903;Lima, Oyón, distrito: Caujul
150904;Lima, Oyón, distrito: Cochamarca
150905;Lima, Oyón, distrito: Navan
150906;Lima, Oyón, distrito: Pachangara
151001;Lima, Yauyos, distrito: Yauyos
151002;Lima, Yauyos, distrito: Alis
151003;Lima, Yauyos, distrito: Allauca
151004;Lima, Yauyos, distrito: Ayaviri
151005;Lima, Yauyos, distrito: Azangaro
151006;Lima, Yauyos, distrito: Cacra
151007;Lima, Yauyos, distrito: Carania
151008;Lima, Yauyos, distrito: Catahuasi
151009;Lima, Yauyos, distrito: Chocos
151010;Lima, Yauyos, distrito: Cochas
151011;Lima, Yauyos, distrito: Colonia
151012;Lima, Yauyos, distrito: Hongos
151013;Lima, Yauyos, distrito: Huampara
151014;Lima, Yauyos, distrito: Huancaya
151015;Lima, Yauyos, distrito: Huangascar
151016;Lima, Yauyos, distrito: Huantan
151017;Lima, Yauyos, distrito: Huañec
151018;Lima, Yauyos, distrito: Laraos
151019;Lima, Yauyos, distrito: Lincha
151020;Lima, Yauyos, distrito: Madean
151021;Lima, Yauyos, distrito: Miraflores
151022;Lima, Yauyos, distrito: Omas
151023;Lima, Yauyos, distrito: Putinza
151024;Lima, Yauyos, distrito: Quinches
151025;Lima, Yauyos, distrito: Quinocay
151026;Lima, Yauyos, distrito: San Joaquín
151027;Lima, Yauyos, distrito: San Pedro de Pilas
151028;Lima, Yauyos, distrito: Tanta
151029;Lima, Yauyos, distrito: Tauripampa
151030;Lima, Yauyos, distrito: Tomas
151031;Lima, Yauyos, distrito: Tupe
151032;Lima, Yauyos, distrito: Viñac
151033;Lima, Yauyos, distrito: Vitis
160101;Loreto, Maynas, distrito: Iquitos
160102;Loreto, Maynas, distrito: Alto Nanay
160103;Loreto, Maynas, distrito: Fernando Lores
160104;Loreto, Maynas, distrito: Indiana
160105;Loreto, Maynas, distrito: Las Amazonas
160106;Loreto, Maynas, distrito: Mazan
160107;Loreto, Maynas, distrito: Napo
160108;Loreto, Maynas, distrito: Punchana
160110;Loreto, Maynas, distrito: Torres Causana
160112;Loreto, Maynas, distrito: Belén
160113;Loreto, Maynas, distrito: San Juan Bautista
160201;Loreto, Alto Amazonas, distrito: Yurimaguas
160202;Loreto, Alto Amazonas, distrito: Balsapuerto
160205;Loreto, Alto Amazonas, distrito: Jeberos
160206;Loreto, Alto Amazonas, distrito: Lagunas
160210;Loreto, Alto Amazonas, distrito: Santa Cruz
160211;Loreto, Alto Amazonas, distrito: Teniente Cesar López Rojas
160301;Loreto, Loreto, distrito: Nauta
160302;Loreto, Loreto, distrito: Parinari
160303;Loreto, Loreto, distrito: Tigre
160304;Loreto, Loreto, distrito: Trompeteros
160305;Loreto, Loreto, distrito: Urarinas
160401;Loreto, Mariscal Ramón Castilla, distrito: Ramón Castilla
160402;Loreto, Mariscal Ramón Castilla, distrito: Pebas
160403;Loreto, Mariscal Ramón Castilla, distrito: Yavari
160404;Loreto, Mariscal Ramón Castilla, distrito: San Pablo
160501;Loreto, Requena, distrito: Requena
160502;Loreto, Requena, distrito: Alto Tapiche
160503;Loreto, Requena, distrito: Capelo
160504;Loreto, Requena, distrito: Emilio San Martín
160505;Loreto, Requena, distrito: Maquia
160506;Loreto, Requena, distrito: Puinahua
160507;Loreto, Requena, distrito: Saquena
160508;Loreto, Requena, distrito: Soplin
160509;Loreto, Requena, distrito: Tapiche
160510;Loreto, Requena, distrito: Jenaro Herrera
160511;Loreto, Requena, distrito: Yaquerana
160601;Loreto, Ucayali, distrito: Contamana
160602;Loreto, Ucayali, distrito: Inahuaya
160603;Loreto, Ucayali, distrito: Padre Márquez
160604;Loreto, Ucayali, distrito: Pampa Hermosa
160605;Loreto, Ucayali, distrito: Sarayacu
160606;Loreto, Ucayali, distrito: Vargas Guerra
160701;Loreto, Datem del Marañón, distrito: Barranca
160702;Loreto, Datem del Marañón, distrito: Cahuapanas
160703;Loreto, Datem del Marañón, distrito: Manseriche
160704;Loreto, Datem del Marañón, distrito: Morona
160705;Loreto, Datem del Marañón, distrito: Pastaza
160706;Loreto, Datem del Marañón, distrito: Andoas
160801;Loreto, Putumayo, distrito: Putumayo
160802;Loreto, Putumayo, distrito: Rosa Panduro
160803;Loreto, Putumayo, distrito: Teniente Manuel Clavero
160804;Loreto, Putumayo, distrito: Yaguas
170101;Madre de Dios, Tambopata, distrito: Tambopata
170102;Madre de Dios, Tambopata, distrito: Inambari
170103;Madre de Dios, Tambopata, distrito: Las Piedras
170104;Madre de Dios, Tambopata, distrito: Laberinto
170201;Madre de Dios, Manu, distrito: Manu
170202;Madre de Dios, Manu, distrito: Fitzcarrald
170203;Madre de Dios, Manu, distrito: Madre de Dios
170204;Madre de Dios, Manu, distrito: Huepetuhe
170301;Madre de Dios, Tahuamanu, distrito: Iñapari
170302;Madre de Dios, Tahuamanu, distrito: Iberia
170303;Madre de Dios, Tahuamanu, distrito: Tahuamanu
180101;Moquegua, Mariscal Nieto, distrito: Moquegua
180102;Moquegua, Mariscal Nieto, distrito: Carumas
180103;Moquegua, Mariscal Nieto, distrito: Cuchumbaya
180104;Moquegua, Mariscal Nieto, distrito: Samegua
180105;Moquegua, Mariscal Nieto, distrito: San Cristóbal
180106;Moquegua, Mariscal Nieto, distrito: Torata
180201;Moquegua, General Sánchez Cerro, distrito: Omate
180202;Moquegua, General Sánchez Cerro, distrito: Chojata
180203;Moquegua, General Sánchez Cerro, distrito: Coalaque
180204;Moquegua, General Sánchez Cerro, distrito: Ichuña
180205;Moquegua, General Sánchez Cerro, distrito: La Capilla
180206;Moquegua, General Sánchez Cerro, distrito: Lloque
180207;Moquegua, General Sánchez Cerro, distrito: Matalaque
180208;Moquegua, General Sánchez Cerro, distrito: Puquina
180209;Moquegua, General Sánchez Cerro, distrito: Quinistaquillas
180210;Moquegua, General Sánchez Cerro, distrito: Ubinas
180211;Moquegua, General Sánchez Cerro, distrito: Yunga
180301;Moquegua, Ilo, distrito: Ilo
180302;Moquegua, Ilo, distrito: El Algarrobal
180303;Moquegua, Ilo, distrito: Pacocha
190101;Pasco, Pasco, distrito: Chaupimarca
190102;Pasco, Pasco, distrito: Huachon
190103;Pasco, Pasco, distrito: Huariaca
190104;Pasco, Pasco, distrito: Huayllay
190105;Pasco, Pasco, distrito: Ninacaca
190106;Pasco, Pasco, distrito: Pallanchacra
190107;Pasco, Pasco, distrito: Paucartambo
190108;Pasco, Pasco, distrito: San Francisco de Asís de Yarusyacan
190109;Pasco, Pasco, distrito: Simon Bolívar
190110;Pasco, Pasco, distrito: Ticlacayan
190111;Pasco, Pasco, distrito: Tinyahuarco
190112;Pasco, Pasco, distrito: Vicco
190113;Pasco, Pasco, distrito: Yanacancha
190201;Pasco, Daniel Alcides Carrión, distrito: Yanahuanca
190202;Pasco, Daniel Alcides Carrión, distrito: Chacayan
190203;Pasco, Daniel Alcides Carrión, distrito: Goyllarisquizga
190204;Pasco, Daniel Alcides Carrión, distrito: Paucar
190205;Pasco, Daniel Alcides Carrión, distrito: San Pedro de Pillao
190206;Pasco, Daniel Alcides Carrión, distrito: Santa Ana de Tusi
190207;Pasco, Daniel Alcides Carrión, distrito: Tapuc
190208;Pasco, Daniel Alcides Carrión, distrito: Vilcabamba
190301;Pasco, Oxapampa, distrito: Oxapampa
190302;Pasco, Oxapampa, distrito: Chontabamba
190303;Pasco, Oxapampa, distrito: Huancabamba
190304;Pasco, Oxapampa, distrito: Palcazu
190305;Pasco, Oxapampa, distrito: Pozuzo
190306;Pasco, Oxapampa, distrito: Puerto Bermúdez
190307;Pasco, Oxapampa, distrito: Villa Rica
190308;Pasco, Oxapampa, distrito: Constitución
200101;Piura, Piura, distrito: Piura
200104;Piura, Piura, distrito: Castilla
200105;Piura, Piura, distrito: Catacaos
200107;Piura, Piura, distrito: Cura Mori
200108;Piura, Piura, distrito: El Tallan
200109;Piura, Piura, distrito: La Arena
200110;Piura, Piura, distrito: La Unión
200111;Piura, Piura, distrito: Las Lomas
200114;Piura, Piura, distrito: Tambo Grande
200115;Piura, Piura, distrito: Veintiseis de Octubre
200201;Piura, Ayabaca, distrito: Ayabaca
200202;Piura, Ayabaca, distrito: Frias
200203;Piura, Ayabaca, distrito: Jilili
200204;Piura, Ayabaca, distrito: Lagunas
200205;Piura, Ayabaca, distrito: Montero
200206;Piura, Ayabaca, distrito: Pacaipampa
200207;Piura, Ayabaca, distrito: Paimas
200208;Piura, Ayabaca, distrito: Sapillica
200209;Piura, Ayabaca, distrito: Sicchez
200210;Piura, Ayabaca, distrito: Suyo
200301;Piura, Huancabamba, distrito: Huancabamba
200302;Piura, Huancabamba, distrito: Canchaque
200303;Piura, Huancabamba, distrito: El Carmen de la Frontera
200304;Piura, Huancabamba, distrito: Huarmaca
200305;Piura, Huancabamba, distrito: Lalaquiz
200306;Piura, Huancabamba, distrito: San Miguel de El Faique
200307;Piura, Huancabamba, distrito: Sondor
200308;Piura, Huancabamba, distrito: Sondorillo
200401;Piura, Morropón, distrito: Chulucanas
200402;Piura, Morropón, distrito: Buenos Aires
200403;Piura, Morropón, distrito: Chalaco
200404;Piura, Morropón, distrito: La Matanza
200405;Piura, Morropón, distrito: Morropón
200406;Piura, Morropón, distrito: Salitral
200407;Piura, Morropón, distrito: San Juan de Bigote
200408;Piura, Morropón, distrito: Santa Catalina de Mossa
200409;Piura, Morropón, distrito: Santo Domingo
200410;Piura, Morropón, distrito: Yamango
200501;Piura, Paita, distrito: Paita
200502;Piura, Paita, distrito: Amotape
200503;Piura, Paita, distrito: Arenal
200504;Piura, Paita, distrito: Colan
200505;Piura, Paita, distrito: La Huaca
200506;Piura, Paita, distrito: Tamarindo
200507;Piura, Paita, distrito: Vichayal
200601;Piura, Sullana, distrito: Sullana
200602;Piura, Sullana, distrito: Bellavista
200603;Piura, Sullana, distrito: Ignacio Escudero
200604;Piura, Sullana, distrito: Lancones
200605;Piura, Sullana, distrito: Marcavelica
200606;Piura, Sullana, distrito: Miguel Checa
200607;Piura, Sullana, distrito: Querecotillo
200608;Piura, Sullana, distrito: Salitral
200701;Piura, Talara, distrito: Pariñas
200702;Piura, Talara, distrito: El Alto
200703;Piura, Talara, distrito: La Brea
200704;Piura, Talara, distrito: Lobitos
200705;Piura, Talara, distrito: Los Organos
200706;Piura, Talara, distrito: Mancora
200801;Piura, Sechura, distrito: Sechura
200802;Piura, Sechura, distrito: Bellavista de la Unión
200803;Piura, Sechura, distrito: Bernal
200804;Piura, Sechura, distrito: Cristo Nos Valga
200805;Piura, Sechura, distrito: Vice
200806;Piura, Sechura, distrito: Rinconada Llicuar
210101;Puno, Puno, distrito: Puno
210102;Puno, Puno, distrito: Acora
210103;Puno, Puno, distrito: Amantani
210104;Puno, Puno, distrito: Atuncolla
210105;Puno, Puno, distrito: Capachica
210106;Puno, Puno, distrito: Chucuito
210107;Puno, Puno, distrito: Coata
210108;Puno, Puno, distrito: Huata
210109;Puno, Puno, distrito: Mañazo
210110;Puno, Puno, distrito: Paucarcolla
210111;Puno, Puno, distrito: Pichacani
210112;Puno, Puno, distrito: Plateria
210113;Puno, Puno, distrito: San Antonio
210114;Puno, Puno, distrito: Tiquillaca
210115;Puno, Puno, distrito: Vilque
210201;Puno, Azángaro, distrito: Azángaro
210202;Puno, Azángaro, distrito: Achaya
210203;Puno, Azángaro, distrito: Arapa
210204;Puno, Azángaro, distrito: Asillo
210205;Puno, Azángaro, distrito: Caminaca
210206;Puno, Azángaro, distrito: Chupa
210207;Puno, Azángaro, distrito: José Domingo Choquehuanca
210208;Puno, Azángaro, distrito: Muñani
210209;Puno, Azángaro, distrito: Potoni
210210;Puno, Azángaro, distrito: Saman
210211;Puno, Azángaro, distrito: San Anton
210212;Puno, Azángaro, distrito: San José
210213;Puno, Azángaro, distrito: San Juan de Salinas
210214;Puno, Azángaro, distrito: Santiago de Pupuja
210215;Puno, Azángaro, distrito: Tirapata
210301;Puno, Carabaya, distrito: Macusani
210302;Puno, Carabaya, distrito: Ajoyani
210303;Puno, Carabaya, distrito: Ayapata
210304;Puno, Carabaya, distrito: Coasa
210305;Puno, Carabaya, distrito: Corani
210306;Puno, Carabaya, distrito: Crucero
210307;Puno, Carabaya, distrito: Ituata
210308;Puno, Carabaya, distrito: Ollachea
210309;Puno, Carabaya, distrito: San Gaban
210310;Puno, Carabaya, distrito: Usicayos
210401;Puno, Chucuito, distrito: Juli
210402;Puno, Chucuito, distrito: Desaguadero
210403;Puno, Chucuito, distrito: Huacullani
210404;Puno, Chucuito, distrito: Kelluyo
210405;Puno, Chucuito, distrito: Pisacoma
210406;Puno, Chucuito, distrito: Pomata
210407;Puno, Chucuito, distrito: Zepita
210501;Puno, El Collao, distrito: Ilave
210502;Puno, El Collao, distrito: Capazo
210503;Puno, El Collao, distrito: Pilcuyo
210504;Puno, El Collao, distrito: Santa Rosa
210505;Puno, El Collao, distrito: Conduriri
210601;Puno, Huancané, distrito: Huancané
210602;Puno, Huancané, distrito: Cojata
210603;Puno, Huancané, distrito: Huatasani
210604;Puno, Huancané, distrito: Inchupalla
210605;Puno, Huancané, distrito: Pusi
210606;Puno, Huancané, distrito: Rosaspata
210607;Puno, Huancané, distrito: Taraco
210608;Puno, Huancané, distrito: Vilque Chico
210701;Puno, Lampa, distrito: Lampa
210702;Puno, Lampa, distrito: Cabanilla
210703;Puno, Lampa, distrito: Calapuja
210704;Puno, Lampa, distrito: Nicasio
210705;Puno, Lampa, distrito: Ocuviri
210706;Puno, Lampa, distrito: Palca
210707;Puno, Lampa, distrito: Paratia
210708;Puno, Lampa, distrito: Pucara
210709;Puno, Lampa, distrito: Santa Lucia
210710;Puno, Lampa, distrito: Vilavila
210801;Puno, Melgar, distrito: Ayaviri
210802;Puno, Melgar, distrito: Antauta
210803;Puno, Melgar, distrito: Cupi
210804;Puno, Melgar, distrito: Llalli
210805;Puno, Melgar, distrito: Macari
210806;Puno, Melgar, distrito: Nuñoa
210807;Puno, Melgar, distrito: Orurillo
210808;Puno, Melgar, distrito: Santa Rosa
210809;Puno, Melgar, distrito: Umachiri
210901;Puno, Moho , distrito: Moho
210902;Puno, Moho , distrito: Conima
210903;Puno, Moho , distrito: Huayrapata
210904;Puno, Moho , distrito: Tilali
211001;Puno, San Antonio de Putina, distrito: Putina
211002;Puno, San Antonio de Putina, distrito: Ananea
211003;Puno, San Antonio de Putina, distrito: Pedro Vilca Apaza
211004;Puno, San Antonio de Putina, distrito: Quilcapuncu
211005;Puno, San Antonio de Putina, distrito: Sina
211101;Puno, San Román, distrito: Juliaca
211102;Puno, San Román, distrito: Cabana
211103;Puno, San Román, distrito: Cabanillas
211104;Puno, San Román, distrito: Caracoto
211105;Puno, San Román, distrito: San Miguel
211201;Puno, Sandia, distrito: Sandia
211202;Puno, Sandia, distrito: Cuyocuyo
211203;Puno, Sandia, distrito: Limbani
211204;Puno, Sandia, distrito: Patambuco
211205;Puno, Sandia, distrito: Phara
211206;Puno, Sandia, distrito: Quiaca
211207;Puno, Sandia, distrito: San Juan del Oro
211208;Puno, Sandia, distrito: Yanahuaya
211209;Puno, Sandia, distrito: Alto Inambari
211210;Puno, Sandia, distrito: San Pedro de Putina Punco
211301;Puno, Yunguyo, distrito: Yunguyo
211302;Puno, Yunguyo, distrito: Anapia
211303;Puno, Yunguyo, distrito: Copani
211304;Puno, Yunguyo, distrito: Cuturapi
211305;Puno, Yunguyo, distrito: Ollaraya
211306;Puno, Yunguyo, distrito: Tinicachi
211307;Puno, Yunguyo, distrito: Unicachi
220101;San Martín, Moyobamba, distrito: Moyobamba
220102;San Martín, Moyobamba, distrito: Calzada
220103;San Martín, Moyobamba, distrito: Habana
220104;San Martín, Moyobamba, distrito: Jepelacio
220105;San Martín, Moyobamba, distrito: Soritor
220106;San Martín, Moyobamba, distrito: Yantalo
220201;San Martín, Bellavista, distrito: Bellavista
220202;San Martín, Bellavista, distrito: Alto Biavo
220203;San Martín, Bellavista, distrito: Bajo Biavo
220204;San Martín, Bellavista, distrito: Huallaga
220205;San Martín, Bellavista, distrito: San Pablo
220206;San Martín, Bellavista, distrito: San Rafael
220301;San Martín, El Dorado, distrito: San José de Sisa
220302;San Martín, El Dorado, distrito: Agua Blanca
220303;San Martín, El Dorado, distrito: San Martín
220304;San Martín, El Dorado, distrito: Santa Rosa
220305;San Martín, El Dorado, distrito: Shatoja
220401;San Martín, Huallaga, distrito: Saposoa
220402;San Martín, Huallaga, distrito: Alto Saposoa
220403;San Martín, Huallaga, distrito: El Eslabón
220404;San Martín, Huallaga, distrito: Piscoyacu
220405;San Martín, Huallaga, distrito: Sacanche
220406;San Martín, Huallaga, distrito: Tingo de Saposoa
220501;San Martín, Lamas, distrito: Lamas
220502;San Martín, Lamas, distrito: Alonso de Alvarado
220503;San Martín, Lamas, distrito: Barranquita
220504;San Martín, Lamas, distrito: Caynarachi
220505;San Martín, Lamas, distrito: Cuñumbuqui
220506;San Martín, Lamas, distrito: Pinto Recodo
220507;San Martín, Lamas, distrito: Rumisapa
220508;San Martín, Lamas, distrito: San Roque de Cumbaza
220509;San Martín, Lamas, distrito: Shanao
220510;San Martín, Lamas, distrito: Tabalosos
220511;San Martín, Lamas, distrito: Zapatero
220601;San Martín, Mariscal Cáceres, distrito: Juanjuí
220602;San Martín, Mariscal Cáceres, distrito: Campanilla
220603;San Martín, Mariscal Cáceres, distrito: Huicungo
220604;San Martín, Mariscal Cáceres, distrito: Pachiza
220605;San Martín, Mariscal Cáceres, distrito: Pajarillo
220701;San Martín, Picota, distrito: Picota
220702;San Martín, Picota, distrito: Buenos Aires
220703;San Martín, Picota, distrito: Caspisapa
220704;San Martín, Picota, distrito: Pilluana
220705;San Martín, Picota, distrito: Pucacaca
220706;San Martín, Picota, distrito: San Cristóbal
220707;San Martín, Picota, distrito: San Hilarión
220708;San Martín, Picota, distrito: Shamboyacu
220709;San Martín, Picota, distrito: Tingo de Ponasa
220710;San Martín, Picota, distrito: Tres Unidos
220801;San Martín, Rioja, distrito: Rioja
220802;San Martín, Rioja, distrito: Awajun
220803;San Martín, Rioja, distrito: Elías Soplin Vargas
220804;San Martín, Rioja, distrito: Nueva Cajamarca
220805;San Martín, Rioja, distrito: Pardo Miguel
220806;San Martín, Rioja, distrito: Posic
220807;San Martín, Rioja, distrito: San Fernando
220808;San Martín, Rioja, distrito: Yorongos
220809;San Martín, Rioja, distrito: Yuracyacu
220901;San Martín, San Martín, distrito: Tarapoto
220902;San Martín, San Martín, distrito: Alberto Leveau
220903;San Martín, San Martín, distrito: Cacatachi
220904;San Martín, San Martín, distrito: Chazuta
220905;San Martín, San Martín, distrito: Chipurana
220906;San Martín, San Martín, distrito: El Porvenir
220907;San Martín, San Martín, distrito: Huimbayoc
220908;San Martín, San Martín, distrito: Juan Guerra
220909;San Martín, San Martín, distrito: La Banda de Shilcayo
220910;San Martín, San Martín, distrito: Morales
220911;San Martín, San Martín, distrito: Papaplaya
220912;San Martín, San Martín, distrito: San Antonio
220913;San Martín, San Martín, distrito: Sauce
220914;San Martín, San Martín, distrito: Shapaja
221001;San Martín, Tocache, distrito: Tocache
221002;San Martín, Tocache, distrito: Nuevo Progreso
221003;San Martín, Tocache, distrito: Polvora
221004;San Martín, Tocache, distrito: Shunte
221005;San Martín, Tocache, distrito: Uchiza
230101;Tacna, Tacna, distrito: Tacna
230102;Tacna, Tacna, distrito: Alto de la Alianza
230103;Tacna, Tacna, distrito: Calana
230104;Tacna, Tacna, distrito: Ciudad Nueva
230105;Tacna, Tacna, distrito: Inclan
230106;Tacna, Tacna, distrito: Pachia
230107;Tacna, Tacna, distrito: Palca
230108;Tacna, Tacna, distrito: Pocollay
230109;Tacna, Tacna, distrito: Sama
230110;Tacna, Tacna, distrito: Coronel Gregorio Albarracin Lanchipa
230111;Tacna, Tacna, distrito: La Yarada los Palos
230201;Tacna, Candarave, distrito: Candarave
230202;Tacna, Candarave, distrito: Cairani
230203;Tacna, Candarave, distrito: Camilaca
230204;Tacna, Candarave, distrito: Curibaya
230205;Tacna, Candarave, distrito: Huanuara
230206;Tacna, Candarave, distrito: Quilahuani
230301;Tacna, Jorge Basadre, distrito: Locumba
230302;Tacna, Jorge Basadre, distrito: Ilabaya
230303;Tacna, Jorge Basadre, distrito: Ite
230401;Tacna, Tarata, distrito: Tarata
230402;Tacna, Tarata, distrito: Héroes Albarracín
230403;Tacna, Tarata, distrito: Estique
230404;Tacna, Tarata, distrito: Estique-Pampa
230405;Tacna, Tarata, distrito: Sitajara
230406;Tacna, Tarata, distrito: Susapaya
230407;Tacna, Tarata, distrito: Tarucachi
230408;Tacna, Tarata, distrito: Ticaco
240101;Tumbes, Tumbes, distrito: Tumbes
240102;Tumbes, Tumbes, distrito: Corrales
240103;Tumbes, Tumbes, distrito: La Cruz
240104;Tumbes, Tumbes, distrito: Pampas de Hospital
240105;Tumbes, Tumbes, distrito: San Jacinto
240106;Tumbes, Tumbes, distrito: San Juan de la Virgen
240201;Tumbes, Contralmirante Villar, distrito: Zorritos
240202;Tumbes, Contralmirante Villar, distrito: Casitas
240203;Tumbes, Contralmirante Villar, distrito: Canoas de Punta Sal
240301;Tumbes, Zarumilla, distrito: Zarumilla
240302;Tumbes, Zarumilla, distrito: Aguas Verdes
240303;Tumbes, Zarumilla, distrito: Matapalo
240304;Tumbes, Zarumilla, distrito: Papayal
250101;Ucayali, Coronel Portillo, distrito: Calleria
250102;Ucayali, Coronel Portillo, distrito: Campoverde
250103;Ucayali, Coronel Portillo, distrito: Iparia
250104;Ucayali, Coronel Portillo, distrito: Masisea
250105;Ucayali, Coronel Portillo, distrito: Yarinacocha
250106;Ucayali, Coronel Portillo, distrito: Nueva Requena
250107;Ucayali, Coronel Portillo, distrito: Manantay
250201;Ucayali, Atalaya, distrito: Raymondi
250202;Ucayali, Atalaya, distrito: Sepahua
250203;Ucayali, Atalaya, distrito: Tahuania
250204;Ucayali, Atalaya, distrito: Yurua
250301;Ucayali, Padre Abad, distrito: Padre Abad
250302;Ucayali, Padre Abad, distrito: Irazola
250303;Ucayali, Padre Abad, distrito: Curimana
250304;Ucayali, Padre Abad, distrito: Neshuya
250305;Ucayali, Padre Abad, distrito: Alexander Von Humboldt
250401;Ucayali, Purús, distrito: Purús
0101; Chachapoyas
0102; Bagua
0103; Bongara
0104; Condorcanqui
0105; Luya
0106; Rodríguez de Mendoza
0107; Utcubamba
0201; Huaraz
0202; Aija
0203; Antonio Raymondi
0204; Asunción
0205; Bolognesi
0206; Carhuaz
0207; Carlos Fermín Fitzcarrald
0208; Casma
0209; Corongo
0210; Huari
0211; Huarmey
0212; Huaylas
0213; Mariscal Luzuriaga
0214; Ocros
0215; Pallasca
0216; Pomabamba
0217; Recuay
0218; Santa
0219; Sihuas
0220; Yungay
0301; Abancay
0302; Andahuaylas
0303; Antabamba
0304; Aymaraes
0305; Cotabambas
0306; Chincheros
0307; Grau
0401; Arequipa
0402; Camaná
0403; Caravelí
0404; Castilla
0405; Caylloma
0406; Condesuyos
0407; Islay
0408; La Unión
0501; Huamanga
0502; Cangallo
0503; Huanca Sancos
0504; Huanta
0505; La Mar
0506; Lucanas
0507; Parinacochas
0508; Páucar del Sara Sara
0509; Sucre
0510; Víctor Fajardo
0511; Vilcas Huamán
0601; Cajamarca
0602; Cajabamba
0603; Celendín
0604; Chota
0605; Contumazá
0606; Cutervo
0607; Hualgayoc
0608; Jaén
0609; San Ignacio
0610; San Marcos
0611; San Miguel
0612; San Pablo
0613; Santa Cruz
0701; distrito: Callao
0701; distrito: Bellavista
0701; distrito: Carmen de la Legua Reynoso
0701; distrito: La Perla
0701; distrito: La Punta
0701; distrito: Ventanilla
0701; distrito: Mi Perú
0801; Cusco
0802; Acomayo
0803; Anta
0804; Calca
0805; Canas
0806; Canchis
0807; Chumbivilcas
0808; Espinar
0809; La Convención
0810; Paruro
0811; Paucartambo
0812; Quispicanchi
0813; Urubamba
0901; Huancavelica
0902; Acobamba
0903; Angaraes
0904; Castrovirreyna
0905; Churcampa
0906; Huaytará
0907; Tayacaja
1001; Huánuco
1002; Ambo
1003; Dos de Mayo
1004; Huacaybamba
1005; Huamalíes
1006; Leoncio Prado
1007; Marañón
1008; Pachitea
1009; Puerto Inca
1010; Lauricocha
1011; Yarowilca
1101; Ica
1102; Chincha
1103; Nasca
1104; Palpa
1105; Pisco
1201; Huancayo
1202; Concepción
1203; Chanchamayo
1204; Jauja
1205; Junín
1206; Satipo
1207; Tarma
1208; Yauli
1209; Chupaca
1301; Trujillo
1302; Ascope
1303; Bolívar
1304; Chepén
1305; Julcán
1306; Otuzco
1307; Pacasmayo
1308; Pataz
1309; Sánchez Carrión
1310; Santiago de Chuco
1311; Gran Chimú
1312; Virú
1401; Chiclayo
1402; Ferreñafe
1403; Lambayeque
1501; Lima
1502; Barranca
1503; Cajatambo
1504; Canta
1505; Cañete
1506; Huaral
1507; Huarochirí
1508; Huaura
1509; Oyón
1510; Yauyos
1601; Maynas
1602; Alto Amazonas
1603; Loreto
1604; Mariscal Ramón Castilla
1605; Requena
1606; Ucayali
1607; Datem del Marañón
1608; Putumayo
1701; Tambopata
1702; Manu
1703; Tahuamanu
1801; Mariscal Nieto
1802; General Sánchez Cerro
1803; Ilo
1901; Pasco
1902; Daniel Alcides Carrión
1903; Oxapampa
2001; Piura
2002; Ayabaca
2003; Huancabamba
2004; Morropón
2005; Paita
2006; Sullana
2007; Talara
2008; Sechura
2101; Puno
2102; Azángaro
2103; Carabaya
2104; Chucuito
2105; El Collao
2106; Huancané
2107; Lampa
2108; Melgar
2109; Moho 
2110; San Antonio de Putina
2111; San Román
2112; Sandia
2113; Yunguyo
2201; Moyobamba
2202; Bellavista
2203; El Dorado
2204; Huallaga
2205; Lamas
2206; Mariscal Cáceres
2207; Picota
2208; Rioja
2209; San Martín
2210; Tocache
2301; Tacna
2302; Candarave
2303; Jorge Basadre
2304; Tarata
2401; Tumbes
2402; Contralmirante Villar
2403; Zarumilla
2501; Coronel Portillo
2502; Atalaya
2503; Padre Abad
2504; Purús
01;Amazonas
02;Áncash
03;Apurímac
04;Arequipa
05;Ayacucho
06;Cajamarca
07;Prov. Constitucional del Callao
08;Cusco
09;Huancavelica
10;Huánuco
11;Ica
12;Junín
13;La Libertad
14;Lambayeque
15;Lima
16;Loreto
17;Madre de Dios
18;Moquegua
19;Pasco
20;Piura
21;Puno
22;San Martín
23;Tacna
24;Tumbes
25;Ucayali
